[Licensing::Module] Trying to connect to existing licensing client channel...
Built from '6000.5/staging' branch; Version is '6000.5.8f1 (5cb7df797b7d) revision 6076383'; Using compiler version '194234433'; Build Type 'Release'
[Licensing::IpcConnector] Successfully connected to: "LicenseClient-Admin" at "2026-08-15T13:22:06.4396511Z"
OS: 'Windows 10  (10.0.19045) 64bit CoreSingleLanguage' Language: 'en' Physical Memory: 16110 MB
BatchMode: 0, IsHumanControllingUs: 1, StartBugReporterOnCrash: 1, Is64bit: 1
System  architecture: x64
Process architecture: x64
Date: 2026-08-15T13:22:06Z

COMMAND LINE ARGUMENTS:
C:\Program Files\Unity\Hub\Editor\6000.5.8f1\Editor\Unity.exe
-projectpath
C:\Users\Admin\Downloads\PRJ 3in1 Goc\PRJ 3in1 Goc
-acceptSoftwareTermsForThisRunOnly
-useHub
-hubIPC
-cloudEnvironment
production
-buildTarget
StandaloneWindows64
-licensingIpc
LicenseClient-Admin
-hubSessionId
6b92a018-4e96-4df9-a92e-2488adfc6f0a
-accessToken
3oOqa5yprBx6kwNUTXeBankpOgJwmvHZ-4KMuIQdfxw011f
Successfully changed project path to: C:\Users\Admin\Downloads\PRJ 3in1 Goc\PRJ 3in1 Goc
C:/Users/Admin/Downloads/PRJ 3in1 Goc/PRJ 3in1 Goc
[UnityMemory] Configuration Parameters - Can be set up in boot.config
    "memorysetup-temp-allocator-size-gi-baking-worker=262144"
    "memorysetup-temp-allocator-size-gi-baking-worker=262144"
    "memorysetup-temp-allocator-size-gi-baking-worker=262144"
    "memorysetup-temp-allocator-size-gi-baking-worker=262144"
    "memorysetup-temp-allocator-size-gi-baking-worker=262144"
    "memorysetup-temp-allocator-size-nav-mesh-worker=65536"
    "memorysetup-temp-allocator-size-audio-worker=65536"
    "memorysetup-temp-allocator-size-cloud-worker=32768"
    "memorysetup-temp-allocator-size-gfx=262144"
    "memorysetup-temp-allocator-size-preload-manager=33554432"
    "memorysetup-allocator-temp-initial-block-size-main=262144"
    "memorysetup-allocator-temp-initial-block-size-worker=262144"
    "memorysetup-temp-allocator-size-job-worker=262144"
    "memorysetup-temp-allocator-size-background-worker=32768"
    "memorysetup-bucket-allocator-granularity=16"
    "memorysetup-bucket-allocator-bucket-count=8"
    "memorysetup-bucket-allocator-block-size=33554432"
    "memorysetup-bucket-allocator-block-count=8"
    "memorysetup-main-allocator-block-size=16777216"
    "memorysetup-thread-allocator-block-size=16777216"
    "memorysetup-main-allocator-mimalloc-enabled=0"
    "memorysetup-gfx-main-allocator-block-size=16777216"
    "memorysetup-gfx-thread-allocator-block-size=16777216"
    "memorysetup-cache-allocator-block-size=4194304"
    "memorysetup-typetree-allocator-block-size=2097152"
    "memorysetup-profiler-bucket-allocator-granularity=16"
    "memorysetup-profiler-bucket-allocator-bucket-count=8"
    "memorysetup-profiler-bucket-allocator-block-size=33554432"
    "memorysetup-profiler-bucket-allocator-block-count=8"
    "memorysetup-profiler-allocator-block-size=16777216"
    "memorysetup-profiler-editor-allocator-block-size=1048576"
    "memorysetup-temp-allocator-size-main=16777216"
    "memorysetup-job-temp-allocator-block-size=2097152"
    "memorysetup-job-temp-allocator-block-size-background=1048576"
    "memorysetup-job-temp-allocator-reduction-small-platforms=262144"
Player connection [14764]  Target information:

Player connection [14764]  * "[IP] 172.23.208.1 [Port] 55504 [Flags] 2 [Guid] 3365034774 [EditorId] 3365034774 [Version] 1048832 [Id] WindowsEditor(7,DESKTOP-0QSC19T) [Debug] 1 [PackageName] WindowsEditor [ProjectName] Editor" 

Player connection [14764]  * "[IP] 192.168.19.103 [Port] 55504 [Flags] 2 [Guid] 3365034774 [EditorId] 3365034774 [Version] 1048832 [Id] WindowsEditor(7,DESKTOP-0QSC19T) [Debug] 1 [PackageName] WindowsEditor [ProjectName] Editor" 

Player connection [14764] Host joined multi-casting on [225.0.0.222:54997]...
Player connection [14764] Host joined alternative multi-casting on [225.0.0.222:34997]...
Input System module state changed to: Initialized.
[Physics::Module] Initialized fallback backend.
[Physics::Module] Id: 0xdecafbad
[Licensing::Client] Error: HandshakeResponse reported an error:
	ResponseCode: 505
	ResponseStatus: Unsupported protocol version '1.18.1'.
[Licensing::Module] Error: Failed to handshake to channel: "LicenseClient-Admin"
[Licensing::IpcConnector] LicenseClient-Admin channel disconnected successfully.
[Licensing::IpcConnector] Channel LicenseClient-Admin-6000.5.8 doesn't exist
[Licensing::Module] Successfully launched the LicensingClient (PId: 20276)
[Package Manager] Connected to IPC stream "Upm-7056" after 0.3 seconds.
[Licensing::Module] Licensing is not yet initialized.
Starting IPC server.
Waiting for clients to connect on \\.\pipe\Unity-LicenseClient-Admin-6000.5.8, press Ctrl-C to exit.
[Licensing::IpcConnector] Successfully connected to: "LicenseClient-Admin-6000.5.8" at "2026-08-15T13:22:07.9181937Z"
[Licensing::Client] Code 10 while verifying Licensing Client signature (process Id: 20276, path: "C:/Program Files/Unity/Hub/Editor/6000.5.8f1/Editor/Data/Resources/Licensing/Client/Unity.Licensing.Client.exe")
[Licensing::Module] LicensingClient has failed validation; ignoring
[Licensing::Client] Handshaking with LicensingClient:
  Version:                 1.18.1+9fbee8e
  Session Id:              d9cda26fab1148dfaf407018de041d43
  Correlation Id:          f26eb99f4c452d8c46c14bf8f1389f64
  External correlation Id: 4453504353040023953
  Machine Id:              W2Rk1ZMub4gst3hcW6h4jxYs7Kg=
[Licensing::Module] Successfully connected to LicensingClient on channel: "LicenseClient-Admin-6000.5.8" (connect: 0.37s, validation: 0.08s, handshake: 0.02s)
[Licensing::IpcConnector] Successfully connected to: "LicenseClient-Admin-6000.5.8-notifications" at "2026-08-15T13:22:08.015752Z"
[Licensing::Module] Connected to LicensingClient (PId: 20276, launch time: 0.04, total connection time: 0.47s)
[Licensing::Client] Successfully updated the access token
[Licensing::Module] Successfully updated the access token 3oOqa5yprB...
[Licensing::Client] Successfully resolved entitlement details
[Licensing::Module] License group:
  Id: 18968348210301-UnityPersXXXX
  Product: Unity Personal
  Type: Assigned
  Expiration: Unlimited
[Licensing::Client] Successfully updated license, isAsync: True, time: 0.01
[Licensing::Client] Successfully resolved entitlement details
[Licensing::Module] Licensing Background thread has ended after 1.65s
[Licensing::Module] Licensing is initialized (took 0.34s).
[Licensing::Client] Successfully resolved entitlement details
Library Redirect Path: Library/
[Physics::Module] Selected backend.
[Physics::Module] Name: PhysX
[Physics::Module] Id: 0xf2b8ea05
[Physics::Module] SDK Version: 4.1.2
[Physics::Module] Integration Version: 1.0.0
[Physics::Module] Threading Mode: Multi-Threaded
Artifact Garbage Collection - Removed 1 unused hashed content files
Targeting platform: StandaloneWindows64
Initialize engine version: 6000.5.8f1 (5cb7df797b7d)
[Subsystems] Discovering subsystems at path C:/Program Files/Unity/Hub/Editor/6000.5.8f1/Editor/Data/Resources/UnitySubsystems
[Subsystems] Discovering subsystems at path C:/Users/Admin/Downloads/PRJ 3in1 Goc/PRJ 3in1 Goc/Assets
GfxDevice: creating device client; kGfxThreadingModeThreaded
Direct3D:
    Version:  Direct3D 11.0 [level 11.1]
    Renderer: NVIDIA GeForce RTX 3050 Laptop GPU (ID=0x25a2)
    Vendor:   NVIDIA
    VRAM:     3964 MB
    Driver:   32.0.15.8132
Initialize mono
Mono path[0] = 'C:/Program Files/Unity/Hub/Editor/6000.5.8f1/Editor/Data/Managed'
Mono path[1] = 'C:/Program Files/Unity/Hub/Editor/6000.5.8f1/Editor/Data/BCLExtensions/runtime/netstandard2.1'
Mono path[2] = 'C:/Program Files/Unity/Hub/Editor/6000.5.8f1/Editor/Data/MonoBleedingEdge/lib/mono/unityjit-win32'
Mono config path = 'C:/Program Files/Unity/Hub/Editor/6000.5.8f1/Editor/Data/MonoBleedingEdge/etc'
Using monoOptions --debugger-agent=transport=dt_socket,embedding=1,server=y,suspend=n,address=127.0.0.1:56056
CodeReloadManager initialized
ImportWorker Server TCP listen port: 0
AcceleratorClientConnectionCallback - disconnected - :0
Begin MonoManager ReloadAssembly
Registering precompiled unity dll's ...
Register platform support module: C:/Program Files/Unity/Hub/Editor/6000.5.8f1/Editor/Data/PlaybackEngines/WebGLSupport/UnityEditor.WebGL.Extensions.dll
Register platform support module: C:/Program Files/Unity/Hub/Editor/6000.5.8f1/Editor/Data/PlaybackEngines/WindowsStandaloneSupport/UnityEditor.WindowsStandalone.Extensions.dll
[Licensing::Client] Successfully resolved entitlement details
Register platform support module: C:/Program Files/Unity/Hub/Editor/6000.5.8f1/Editor/Data/PlaybackEngines/AndroidPlayer/UnityEditor.Android.Extensions.dll
[Licensing::Client] Successfully resolved entitlement details
Register platform support module: C:/Program Files/Unity/Hub/Editor/6000.5.8f1/Editor/Data/PlaybackEngines/iOSSupport/UnityEditor.iOS.Extensions.dll
Registered in 0.011695 seconds.
[usbmuxd] Start listen thread
[usbmuxd] Listen thread started
Native extension for iOS target not found
Native extension for Android target not found
Native extension for WindowsStandalone target not found
Native extension for WebGL target not found
Package Manager log level set to [2]
ScheduleIndexationOnStartup MainProcess:False IndexOnStartup:True
Mono: successfully reloaded assembly
- Finished resetting the current domain, in  2.169 seconds
Domain Reload Profiling: 2834ms
	BeginReloadAssembly (163ms)
		CreateAndSetChildDomain (11ms)
	RebuildCommonClasses (7ms)
	RebuildNativeTypeToScriptingClass (27ms)
	initialDomainReloadingComplete (105ms)
	LoadAllAssembliesAndSetupDomain (361ms)
		LoadAssemblies (150ms)
		AnalyzeDomain (268ms)
			TypeCache.Refresh (266ms)
				TypeCache.ScanAssembly (245ms)
	FinalizeReload (2171ms)
		SetupLoadedEditorAssemblies (0ms)
			InitializePlatformSupportModulesInManaged (100ms)
			BeforeProcessingInitializeOnLoad (89ms)
			ProcessInitializeOnLoadAttributes (117ms)
			ProcessInitializeOnLoadMethodAttributes (1772ms)
			EditorAssembliesLoaded (4ms)
[Licensing::Client] Successfully resolved entitlement details
Application.AssetDatabase Initial Refresh Start
[Package Manager] Restoring resolved packages state from cache
[Licensing::Client] Successfully resolved entitlement details
[Package Manager] Registered 41 packages:
  Packages from [https://packages.unity.com]:
    com.unity.ide.visualstudio@2.0.26 (location: C:\Users\Admin\Downloads\PRJ 3in1 Goc\PRJ 3in1 Goc\Library\PackageCache\com.unity.ide.visualstudio@a99d56dec63f)
  Built-in packages:
    com.unity.multiplayer.center@1.0.1 (location: C:\Users\Admin\Downloads\PRJ 3in1 Goc\PRJ 3in1 Goc\Library\PackageCache\com.unity.multiplayer.center@b860850997d0)
    com.unity.ugui@2.5.0 (location: C:\Users\Admin\Downloads\PRJ 3in1 Goc\PRJ 3in1 Goc\Library\PackageCache\com.unity.ugui@1c4864518158)
    com.unity.modules.accessibility@1.0.0 (location: C:\Users\Admin\Downloads\PRJ 3in1 Goc\PRJ 3in1 Goc\Library\PackageCache\com.unity.modules.accessibility)
    com.unity.modules.adaptiveperformance@1.0.0 (location: C:\Users\Admin\Downloads\PRJ 3in1 Goc\PRJ 3in1 Goc\Library\PackageCache\com.unity.modules.adaptiveperformance)
    com.unity.modules.ai@1.0.0 (location: C:\Users\Admin\Downloads\PRJ 3in1 Goc\PRJ 3in1 Goc\Library\PackageCache\com.unity.modules.ai)
    com.unity.modules.androidjni@1.0.0 (location: C:\Users\Admin\Downloads\PRJ 3in1 Goc\PRJ 3in1 Goc\Library\PackageCache\com.unity.modules.androidjni)
    com.unity.modules.animation@1.0.0 (location: C:\Users\Admin\Downloads\PRJ 3in1 Goc\PRJ 3in1 Goc\Library\PackageCache\com.unity.modules.animation)
    com.unity.modules.assetbundle@1.0.0 (location: C:\Users\Admin\Downloads\PRJ 3in1 Goc\PRJ 3in1 Goc\Library\PackageCache\com.unity.modules.assetbundle)
    com.unity.modules.audio@1.0.0 (location: C:\Users\Admin\Downloads\PRJ 3in1 Goc\PRJ 3in1 Goc\Library\PackageCache\com.unity.modules.audio)
    com.unity.modules.cloth@1.0.0 (location: C:\Users\Admin\Downloads\PRJ 3in1 Goc\PRJ 3in1 Goc\Library\PackageCache\com.unity.modules.cloth)
    com.unity.modules.director@1.0.0 (location: C:\Users\Admin\Downloads\PRJ 3in1 Goc\PRJ 3in1 Goc\Library\PackageCache\com.unity.modules.director)
    com.unity.modules.imageconversion@1.0.0 (location: C:\Users\Admin\Downloads\PRJ 3in1 Goc\PRJ 3in1 Goc\Library\PackageCache\com.unity.modules.imageconversion)
    com.unity.modules.imgui@1.0.0 (location: C:\Users\Admin\Downloads\PRJ 3in1 Goc\PRJ 3in1 Goc\Library\PackageCache\com.unity.modules.imgui)
    com.unity.modules.jsonserialize@1.0.0 (location: C:\Users\Admin\Downloads\PRJ 3in1 Goc\PRJ 3in1 Goc\Library\PackageCache\com.unity.modules.jsonserialize)
    com.unity.modules.particlesystem@1.0.0 (location: C:\Users\Admin\Downloads\PRJ 3in1 Goc\PRJ 3in1 Goc\Library\PackageCache\com.unity.modules.particlesystem)
    com.unity.modules.physics@1.0.0 (location: C:\Users\Admin\Downloads\PRJ 3in1 Goc\PRJ 3in1 Goc\Library\PackageCache\com.unity.modules.physics)
    com.unity.modules.physics2d@1.0.0 (location: C:\Users\Admin\Downloads\PRJ 3in1 Goc\PRJ 3in1 Goc\Library\PackageCache\com.unity.modules.physics2d)
    com.unity.modules.physicscore2d@1.0.0 (location: C:\Users\Admin\Downloads\PRJ 3in1 Goc\PRJ 3in1 Goc\Library\PackageCache\com.unity.modules.physicscore2d)
    com.unity.modules.screencapture@1.0.0 (location: C:\Users\Admin\Downloads\PRJ 3in1 Goc\PRJ 3in1 Goc\Library\PackageCache\com.unity.modules.screencapture)
    com.unity.modules.terrain@1.0.0 (location: C:\Users\Admin\Downloads\PRJ 3in1 Goc\PRJ 3in1 Goc\Library\PackageCache\com.unity.modules.terrain)
    com.unity.modules.terrainphysics@1.0.0 (location: C:\Users\Admin\Downloads\PRJ 3in1 Goc\PRJ 3in1 Goc\Library\PackageCache\com.unity.modules.terrainphysics)
    com.unity.modules.tilemap@1.0.0 (location: C:\Users\Admin\Downloads\PRJ 3in1 Goc\PRJ 3in1 Goc\Library\PackageCache\com.unity.modules.tilemap)
    com.unity.modules.ui@1.0.0 (location: C:\Users\Admin\Downloads\PRJ 3in1 Goc\PRJ 3in1 Goc\Library\PackageCache\com.unity.modules.ui)
    com.unity.modules.uielements@1.0.0 (location: C:\Users\Admin\Downloads\PRJ 3in1 Goc\PRJ 3in1 Goc\Library\PackageCache\com.unity.modules.uielements)
    com.unity.modules.umbra@1.0.0 (location: C:\Users\Admin\Downloads\PRJ 3in1 Goc\PRJ 3in1 Goc\Library\PackageCache\com.unity.modules.umbra)
    com.unity.modules.unityanalytics@1.0.0 (location: C:\Users\Admin\Downloads\PRJ 3in1 Goc\PRJ 3in1 Goc\Library\PackageCache\com.unity.modules.unityanalytics)
    com.unity.modules.unitywebrequest@1.0.0 (location: C:\Users\Admin\Downloads\PRJ 3in1 Goc\PRJ 3in1 Goc\Library\PackageCache\com.unity.modules.unitywebrequest)
    com.unity.modules.unitywebrequestassetbundle@1.0.0 (location: C:\Users\Admin\Downloads\PRJ 3in1 Goc\PRJ 3in1 Goc\Library\PackageCache\com.unity.modules.unitywebrequestassetbundle)
    com.unity.modules.unitywebrequestaudio@1.0.0 (location: C:\Users\Admin\Downloads\PRJ 3in1 Goc\PRJ 3in1 Goc\Library\PackageCache\com.unity.modules.unitywebrequestaudio)
    com.unity.modules.unitywebrequesttexture@1.0.0 (location: C:\Users\Admin\Downloads\PRJ 3in1 Goc\PRJ 3in1 Goc\Library\PackageCache\com.unity.modules.unitywebrequesttexture)
    com.unity.modules.unitywebrequestwww@1.0.0 (location: C:\Users\Admin\Downloads\PRJ 3in1 Goc\PRJ 3in1 Goc\Library\PackageCache\com.unity.modules.unitywebrequestwww)
    com.unity.modules.vectorgraphics@1.0.0 (location: C:\Users\Admin\Downloads\PRJ 3in1 Goc\PRJ 3in1 Goc\Library\PackageCache\com.unity.modules.vectorgraphics)
    com.unity.modules.vehicles@1.0.0 (location: C:\Users\Admin\Downloads\PRJ 3in1 Goc\PRJ 3in1 Goc\Library\PackageCache\com.unity.modules.vehicles)
    com.unity.modules.video@1.0.0 (location: C:\Users\Admin\Downloads\PRJ 3in1 Goc\PRJ 3in1 Goc\Library\PackageCache\com.unity.modules.video)
    com.unity.modules.wind@1.0.0 (location: C:\Users\Admin\Downloads\PRJ 3in1 Goc\PRJ 3in1 Goc\Library\PackageCache\com.unity.modules.wind)
    com.unity.modules.xr@1.0.0 (location: C:\Users\Admin\Downloads\PRJ 3in1 Goc\PRJ 3in1 Goc\Library\PackageCache\com.unity.modules.xr)
    com.unity.modules.subsystems@1.0.0 (location: C:\Users\Admin\Downloads\PRJ 3in1 Goc\PRJ 3in1 Goc\Library\PackageCache\com.unity.modules.subsystems)
    com.unity.modules.hierarchycore@1.0.0 (location: C:\Users\Admin\Downloads\PRJ 3in1 Goc\PRJ 3in1 Goc\Library\PackageCache\com.unity.modules.hierarchycore)
    com.unity.test-framework@1.7.0 (location: C:\Users\Admin\Downloads\PRJ 3in1 Goc\PRJ 3in1 Goc\Library\PackageCache\com.unity.test-framework@1405238725ab)
    com.unity.ext.nunit@2.1.0 (location: C:\Users\Admin\Downloads\PRJ 3in1 Goc\PRJ 3in1 Goc\Library\PackageCache\com.unity.ext.nunit@44f7d31723bd)
[Subsystems] No new subsystems found in resolved package list.
[Package Manager] Done registering packages in 0.02 seconds
info: Microsoft.Hosting.Lifetime[14]
      Now listening on: http://localhost:80
info: Microsoft.Hosting.Lifetime[0]
      Application started. Press Ctrl+C to shut down.
info: Microsoft.Hosting.Lifetime[0]
      Hosting environment: Production
info: Microsoft.Hosting.Lifetime[0]
      Content root path: C:\Users\Admin\Downloads\PRJ 3in1 Goc\PRJ 3in1 Goc
info: Microsoft.AspNetCore.Hosting.Diagnostics[1]
      Request starting HTTP/2 POST http://ilpp/UnityILPP.PostProcessing/Ping - application/grpc -
info: Microsoft.AspNetCore.Routing.EndpointMiddleware[0]
      Executing endpoint 'gRPC - /UnityILPP.PostProcessing/Ping'
info: Microsoft.AspNetCore.Routing.EndpointMiddleware[1]
      Executed endpoint 'gRPC - /UnityILPP.PostProcessing/Ping'
info: Microsoft.AspNetCore.Hosting.Diagnostics[2]
      Request finished HTTP/2 POST http://ilpp/UnityILPP.PostProcessing/Ping - 200 - application/grpc 28.3222ms
Starting: C:\Program Files\Unity\Hub\Editor\6000.5.8f1\Editor\Data\Tools\BuildPipeline\bee_backend.exe --ipc --defer-dag-verification --dagfile="Library/Bee/1900b0aE.dag" --continue-on-failure --profile="Library/Bee/backend1.traceevents" ScriptAssemblies
WorkingDir: C:/Users/Admin/Downloads/PRJ 3in1 Goc/PRJ 3in1 Goc
ExitCode: 0 Duration: 0s224ms
*** Tundra build success (0.10 seconds), 0 items updated, 282 evaluated
AssetDatabase: script compilation time: 1.522659s
Total cache size 11730608
Total cache size after purge 11730608, took 00:00:00.0299417
Begin MonoManager ReloadAssembly
Symbol file LoadedFromMemory is not a mono symbol file
Symbol file data-00000217CA6D9380 doesn't match image C:\Users\Admin\Downloads\PRJ 3in1 Goc\PRJ 3in1 Goc\Assets\OPS\Obfuscator\Editor\Plugins\OPS.Obfuscator.Editor.dll
Symbol file LoadedFromMemory is not a mono symbol file
Symbol file LoadedFromMemory is not a mono symbol file
Symbol file LoadedFromMemory is not a mono symbol file
Symbol file LoadedFromMemory is not a mono symbol file
Symbol file LoadedFromMemory is not a mono symbol file
Native extension for iOS target not found
Native extension for Android target not found
Native extension for WindowsStandalone target not found
Native extension for WebGL target not found
🔄 Setting default orientation to Landscape (Android & iOS)
UnityEngine.Debug:ExtractStackTraceNoAlloc (byte*,int,string)
UnityEngine.StackTraceUtility:ExtractStackTrace ()
UnityEngine.DebugLogHandler:Internal_Log (UnityEngine.LogType,UnityEngine.LogOption,string,UnityEngine.Object)
UnityEngine.DebugLogHandler:LogFormat (UnityEngine.LogType,UnityEngine.Object,string,object[])
UnityEngine.Logger:Log (UnityEngine.LogType,object)
UnityEngine.Debug:Log (object)
AutoSetOrientation:SetOrientationSettings () (at Assets/Editor/AutoSetOrientation.cs:35)
AutoSetOrientation:.cctor () (at Assets/Editor/AutoSetOrientation.cs:11)
System.Runtime.CompilerServices.RuntimeHelpers:RunClassConstructor (System.RuntimeTypeHandle)
UnityEditor.EditorAssemblies:ProcessInitializeOnLoadAttributes (System.ReadOnlySpan`1<intptr>)

(Filename: Assets/Editor/AutoSetOrientation.cs Line: 35)

ScheduleIndexationOnStartup MainProcess:True IndexOnStartup:True
Mono: successfully reloaded assembly
- Finished resetting the current domain, in  0.495 seconds
Domain Reload Profiling: 1382ms
	BeginReloadAssembly (284ms)
		DisableScriptedObjects (69ms)
		CreateAndSetChildDomain (60ms)
	RebuildCommonClasses (8ms)
	RebuildNativeTypeToScriptingClass (15ms)
	initialDomainReloadingComplete (42ms)
	LoadAllAssembliesAndSetupDomain (536ms)
		LoadAssemblies (490ms)
		AnalyzeDomain (63ms)
			TypeCache.Refresh (48ms)
				TypeCache.ScanAssembly (36ms)
			BuildScriptInfoCaches (12ms)
	FinalizeReload (496ms)
		SetupLoadedEditorAssemblies (0ms)
			InitializePlatformSupportModulesInManaged (16ms)
			BeforeProcessingInitializeOnLoad (79ms)
			ProcessInitializeOnLoadAttributes (103ms)
			ProcessInitializeOnLoadMethodAttributes (97ms)
			AfterProcessingInitializeOnLoad (6ms)
		AwakeInstancesAfterBackupRestoration (28ms)
Starting new worker id: 0 with log in C:/Users/Admin/Downloads/PRJ 3in1 Goc/PRJ 3in1 Goc/Logs/AssetImportWorkerHW0.log

Asset Pipeline Refresh (id=fb184cfa32a906b4a81d77b47eedff8b): Total: 3.398 seconds - Initiated by InitialRefreshV2(ForceSynchronousImport)
	(Values over 0.05ms)
	Summary:
		Imports: total=0 (actual=0, local cache=0, cache server=0)
		Asset DB Process Time: managed=0 ms, native=858 ms
		Asset DB Callback time: managed=34 ms, native=39 ms
		Scripting: domain reloads=1, domain reload time=922 ms, compile time=1526 ms, other=17 ms
		Project Asset Count: scripts=525, non-scripts=2859
		Asset File Changes: new=0, changed=0, moved=0, deleted=0
		Scan Filter Count: 0
	InvokePackagesCallback: 40.935ms
	ApplyChangesToAssetFolders: 0.652ms
	Scan: 81.314ms
	Collect global state as custom dependencies: 42.697ms
	CategorizeScriptCompilationAssets: 24.404ms
	ProcessAssetsWithTransientArtifactChanges: 19.240ms
	CategorizeAssets: 23.397ms
	CompileScripts: 1526.362ms
	ImportOutOfDateAssets: 532.581ms (501.557ms without children)
		UnloadImportedAssets: 0.141ms
		EnsureUptoDateAssetsAreRegisteredWithGuidPM: 0.506ms
		ImportSchedulerStart: 30.372ms
	PostProcessAllAssets: 34.114ms
		MonoPostProcessAllAssets: 34.034ms
			SyncVS.PostprocessSyncProject 11.780ms
			WindowAssetPostprocessingWatcher.OnPostprocessAllAssets 10.832ms
			EditModeScopePostprocessor.OnPostprocessAllAssets 0.949ms
			SpeedTree9Postprocessor.OnPostprocessAllAssets 0.912ms
			ReferencedClipsPostProcessor.OnPostprocessAllAssets 0.271ms
			TerrainToolbarOverlayPostProcessor.OnPostprocessAllAssets 0.234ms
			AssetDatabaseCallbacks.OnPostprocessAllAssets 0.165ms
			RenderPipelineGlobalSettingsPostprocessor.OnPostprocessAllAssets 0.085ms
	UnloadStreamsBegin: 2.002ms
	PersistCurrentRevisions: 0.153ms
	GenerateScriptTypeHashes: 0.422ms
	GenerateScriptTypeSerializationHashes: 0.949ms
	Untracked: 1064.211ms

Application.AssetDatabase Initial Refresh End
Launched and connected shader compiler UnityShaderCompiler.exe after 0.02 seconds
Scanning for USB devices : 1.227ms
Initializing Unity extensions:
[MODES] ModeService[none].Initialize
[MODES] ModeService[none].LoadModes
[MODES] Loading mode Default (0) for mode-current-id-NRO VEGETA
Unloading 2 Unused Serialized files (Serialized files now loaded: 0)
Loaded scene 'Assets/Scenes/SampleScene.unity'
	Deserialize:            14.116 ms
	Integration:            9.605 ms
	Integration of assets:  0.004 ms
	Thread Wait Time:       0.015 ms
	Total Operation Time:   23.741 ms
Unloading 1086 unused Assets / (0.9 MB). Loaded Objects now: 1881.
Memory consumption went from 230.6 MB to 229.6 MB.
Total: 7.818400 ms (FindLiveObjects: 0.181800 ms CreateObjectMapping: 0.248700 ms MarkObjects: 6.491400 ms  DeleteObjects: 0.748000 ms)

[LAYOUT] About to load UserSettings\Layouts\default-6000.dwlt, keepMainWindow=False
Curl error 35: Recv failure: Connection was reset
[LAYOUT] About to save layout C:\Users\Admin\Downloads\PRJ 3in1 Goc\PRJ 3in1 Goc\UserSettings\Layouts\default-6000.dwlt
[LAYOUT] About to save layout C:/Users/Admin/AppData/Roaming/Unity/Editor-5.x/Preferences\Layouts\current\default-6000.dwlt
[MODES] ModeService[default].InitializeCurrentMode
[MODES] ModeService[default].RaiseModeChanged(default, default)
This project uses Input Manager, which is marked for deprecation. To manage input in your project, use the <a href="https://docs.unity3d.com/Packages/com.unity.inputsystem@latest">Input System package</a> instead.
<RI> Initializing input.
XInput1_3.dll not found. Trying XInput9_1_0.dll instead...
<RI> Input initialized.
Worker ready: AssetImportWorkerHW0 0
[Project] Loading completed in 12.096 seconds
	Project init time: 				10.966 seconds
		Template init time: 		0.000 seconds
		Package Manager init time: 		0.643 seconds
		Asset Database init time: 		0.976 seconds
		Global illumination init time: 	0.014 seconds
		Assemblies load time: 			2.977 seconds
		Unity extensions init time: 	0.010 seconds
		Asset Database refresh time: 	3.398 seconds
	Scene opening time: 			0.958 seconds
##utp:{"type":"ProjectInfo","version":2,"phase":"Immediate","time":1786800138515,"processId":7056,"projectLoad":12.0963059,"projectInit":10.9660831,"templateInit":0.0,"packageManagerInit":0.6430362,"assetDatabaseInit":0.9755864,"globalIlluminationInit":0.0141114,"assembliesLoad":2.9771635,"unityExtensionsInit":0.0095248,"assetDatabaseRefresh":3.3984003,"sceneOpening":0.958201}
##utp:{"type":"EditorInfo","version":2,"phase":"Immediate","time":1786800138515,"processId":7056,"editorVersion":"6000.5.8f1 (5cb7df797b7d)","branch":"6000.5/staging","buildType":"Release","platform":"Windows"}
Asset Pipeline Refresh (id=1015f94c8312f3d44aa962204ed84297): Total: 0.052 seconds - Initiated by RefreshV2(AllowForceSynchronousImport)
Dynamic Batching is deprecated and will be removed in a future release. Use GPU Instancing instead. Disable Dynamic Batching in Project Settings > Player > Other Settings to remove this warning.
UnityEngine.Debug:ExtractStackTraceNoAlloc (byte*,int,string)
UnityEngine.StackTraceUtility:ExtractStackTrace ()
UnityEngine.DebugLogHandler:Internal_Log (UnityEngine.LogType,UnityEngine.LogOption,string,UnityEngine.Object)
UnityEngine.DebugLogHandler:LogFormat (UnityEngine.LogType,UnityEngine.Object,string,object[])
UnityEngine.Logger:Log (UnityEngine.LogType,object)
UnityEngine.Debug:LogWarning (object)
UnityEditor.PlayerSettingsBatchingWarning:WarnIfDynamicBatchingEnabled ()
UnityEditor.EditorApplication:Internal_CallUpdateFunctions ()

Start Indexing on Editor startup
[Indexing] Starting Initial Indexing for Assets
Created GICache directory at C:/Users/Admin/AppData/LocalLow/Unity/Caches/GiCache. Took: 0.022s, timestamps: [13.505 - 13.527]
[Licensing::Client] Successfully resolved entitlement details
[Licensing::Client] Successfully resolved entitlement details
[Licensing::Client] Successfully updated the access token
[Licensing::Module] Successfully updated access token: "3oOqa5yp"... (expires: 2026-08-15T15:07:34Z)
Starting new worker id: 1 with log in C:/Users/Admin/Downloads/PRJ 3in1 Goc/PRJ 3in1 Goc/Logs/AssetImportWorkerHW1.log
[Worker0] Imported GUID: ec0fed1d0cd52934b93f2290187c9366 - Path: Assets/Scripts/ServerListScreen.cs - Importer: ScriptedImporter/UnityEditor.QuickSearchModule:UnityEditor.Search:ASIAI0B -> (ImportResultId: '0d59cb84991dfa25fc932f8d0f381ad4') in 0.1310128 seconds
[Worker0] Imported GUID: 6077c9a6298fd04438204c4614fec03e - Path: Assets/OPS/Obfuscator/Log/StandaloneWindows64.txt - Importer: ScriptedImporter/UnityEditor.QuickSearchModule:UnityEditor.Search:ASIAI0B -> (ImportResultId: '300bf2c3c1252b17fa3d1474332b2280') in 0.0131646 seconds
Project ID request failed, Reason: The requested URL returned error: 403 (403).
Unknown Unity Connect error (400). Please contact support at support@unity.com while processing request "https://services.unity.com/api/unity/legacy/v1/projects/4d8c555c-3d8f-413d-a019-168b02a3203e", HTTP error code 403
.[Licensing::Client] Successfully resolved entitlement details
Android Extension - Scanning For ADB Devices 2334 ms
Android Extension - Scanning For ADB Devices 189 ms
Worker ready: AssetImportWorkerHW1 1
Attempted to call .Dispose on an already disposed CancellationTokenSource
Android Extension - Scanning For ADB Devices 189 ms
Android Extension - Scanning For ADB Devices 186 ms
TrimDiskCacheJob: Current cache size 0mb
Asset Pipeline Refresh (id=8ab94bec0ef3da94d9da1057f9c8f3ca): Total: 0.011 seconds - Initiated by RefreshV2(AllowForceSynchronousImport)
Asset Pipeline Refresh (id=4a6e92840a94a874983cf704def554f9): Total: 0.004 seconds - Initiated by RefreshV2(AllowForceSynchronousImport)
[Worker0] Imported GUID: ec0fed1d0cd52934b93f2290187c9366 - Path: Assets/Scripts/ServerListScreen.cs - Importer: PreviewImporter -> (ImportResultId: '887aed7ae832a8ee756211514bc1c477') in 0.0016196 seconds
[Licensing::Client] Successfully resolved entitlement details

[ScriptCompilation] Requested script compilation because: AssetDatabase observed changes in script compilation related files
[Licensing::Client] Successfully resolved entitlement details
info: Microsoft.AspNetCore.Hosting.Diagnostics[1]
      Request starting HTTP/2 POST http://ilpp/UnityILPP.PostProcessing/Ping - application/grpc -
info: Microsoft.AspNetCore.Routing.EndpointMiddleware[0]
      Executing endpoint 'gRPC - /UnityILPP.PostProcessing/Ping'
info: Microsoft.AspNetCore.Routing.EndpointMiddleware[1]
      Executed endpoint 'gRPC - /UnityILPP.PostProcessing/Ping'
info: Microsoft.AspNetCore.Hosting.Diagnostics[2]
      Request finished HTTP/2 POST http://ilpp/UnityILPP.PostProcessing/Ping - 200 - application/grpc 2.2582ms
Starting: C:\Program Files\Unity\Hub\Editor\6000.5.8f1\Editor\Data\Tools\BuildPipeline\bee_backend.exe --ipc --defer-dag-verification --dagfile="Library/Bee/1900b0aE.dag" --continue-on-failure --profile="Library/Bee/backend1.traceevents" ScriptAssemblies
WorkingDir: C:/Users/Admin/Downloads/PRJ 3in1 Goc/PRJ 3in1 Goc
ExitCode: 0 Duration: 4s467ms
[276/282    4s] Csc Library/Bee/artifacts/1900b0aE.dag/Assembly-CSharp.dll (+2 others)
Assets\Scripts\Controller.cs(8,14): warning CS0618: 'UxmlAttributeDescription' is obsolete: 'UxmlTraits system is deprecated and will be removed. Use UxmlElementAttribute instead.'

Assets\Scripts\Controller.cs(100,30): warning CS0168: The variable 'ex' is declared but never used

Assets\Scripts\Controller.cs(104,26): warning CS0168: The variable 'ex2' is declared but never used

Assets\Scripts\Session_ME.cs(325,21): warning CS1998: This async method lacks 'await' operators and will run synchronously. Consider using the 'await' operator to await non-blocking API calls, or 'await Task.Run(...)' to do CPU-bound work on a background thread.

Assets\Scripts\Char.cs(6955,9): warning CS0472: The result of the expression is always 'true' since a value of type 'int' is never equal to 'null' of type 'int?'

Assets\Scripts\ipKeyboard.cs(28,22): warning CS0618: 'TouchScreenKeyboard.done' is obsolete: 'Property done is deprecated, use status instead'

Assets\Scripts\myReader.cs(106,4): warning CS0675: Bitwise-or operator used on a sign-extended operand; consider casting to a smaller unsigned type first

Assets\Scripts\ModFunc.cs(2458,18): warning CS0618: 'Resolution.refreshRate' is obsolete: 'Resolution.refreshRate is obsolete. Use refreshRateRatio instead.'

Assets\Scripts\Controller.cs(4336,42): warning CS0168: The variable 'ex28' is declared but never used

Assets\Scripts\Controller.cs(4562,26): warning CS0168: The variable 'ex40' is declared but never used

Assets\Scripts\GameCanvas.cs(303,14): warning CS0414: The field 'GameCanvas.count' is assigned but its value is never used

Assets\Scripts\Panel.cs(498,15): warning CS0414: The field 'Panel.wantUpdateList' is assigned but its value is never used

Assets\Scripts\Mob.cs(206,14): warning CS0414: The field 'Mob.color' is assigned but its value is never used

Assets\Scripts\Char.cs(969,14): warning CS0414: The field 'Char.per_tem' is assigned but its value is never used

Assets\Scripts\QuayTamBao.cs(19,30): warning CS0414: The field 'QuayTamBao.BOX_INFO_WIDTH' is assigned but its value is never used

Assets\Scripts\MotherCanvas.cs(9,14): warning CS0414: The field 'MotherCanvas.OUTPUTSIZE' is assigned but its value is never used

Assets\Scripts\QuayTamBao.cs(11,30): warning CS0414: The field 'QuayTamBao.TOTAL_RATE' is assigned but its value is never used

Assets\Scripts\Menu.cs(61,15): warning CS0414: The field 'Menu.wantUpdateList' is assigned but its value is never used

Assets\Scripts\Char.cs(731,14): warning CS0414: The field 'Char.indexUseSkill' is assigned but its value is never used

Assets\Scripts\QuayTamBao.cs(21,30): warning CS0414: The field 'QuayTamBao.BOX_INFO_HEIGHT' is assigned but its value is never used

Assets\Scripts\ModFunc.cs(75,22): warning CS0414: The field 'ModFunc.lastTimeLog' is assigned but its value is never used

Assets\Scripts\NewBoss.cs(25,15): warning CS0414: The field 'NewBoss.flyUp' is assigned but its value is never used

Assets\Scripts\QuaNapTuan.cs(25,30): warning CS0414: The field 'QuaNapTuan.GRID_COLUMNS' is assigned but its value is never used

Assets\Scripts\QuayTamBao.cs(7,30): warning CS0414: The field 'QuayTamBao.ITEM_THUONG_START' is assigned but its value is never used

Assets\Scripts\ChatTextField.cs(29,15): warning CS0414: The field 'ChatTextField.isPublic' is assigned but its value is never used

Assets\Scripts\Panel.cs(506,14): warning CS0414: The field 'Panel.keyToundGD' is assigned but its value is never used

Assets\Scripts\FireWorkEff.cs(29,21): warning CS0414: The field 'FireWorkEff.ymax' is assigned but its value is never used

Assets\Scripts\GameScr.cs(735,14): warning CS0414: The field 'GameScr.Hitem' is assigned but its value is never used

Assets\Scripts\Char.cs(967,14): warning CS0414: The field 'Char.per' is assigned but its value is never used

Assets\Scripts\Panel.cs(580,15): warning CS0414: The field 'Panel.isUp' is assigned but its value is never used

Assets\Scripts\QuaNapTuan.cs(21,30): warning CS0414: The field 'QuaNapTuan.ITEM_BOX_SIZE' is assigned but its value is never used

Assets\Scripts\QuayTamBao.cs(9,30): warning CS0414: The field 'QuayTamBao.ITEM_THUONG_END' is assigned but its value is never used

Assets\Scripts\FireWorkEff.cs(13,21): warning CS0414: The field 'FireWorkEff.f' is assigned but its value is never used

Assets\Scripts\TabClanIcon.cs(41,15): warning CS0414: The field 'TabClanIcon.isUpdate' is assigned but its value is never used

Assets\Scripts\GameScr.cs(737,14): warning CS0414: The field 'GameScr.maxSizeRow' is assigned but its value is never used

Assets\Scripts\SoundMn.cs(14,21): warning CS0414: The field 'SoundMn.MAX_VOLUME' is assigned but its value is never used

Assets\Scripts\Panel.cs(504,14): warning CS0414: The field 'Panel.keyTouchLock' is assigned but its value is never used

Assets\Scripts\QuaNapTuan.cs(23,30): warning CS0414: The field 'QuaNapTuan.ITEM_SPACING' is assigned but its value is never used

Assets\Scripts\Char.cs(841,15): warning CS0414: The field 'Char.isSoundJump' is assigned but its value is never used

Assets\Scripts\GameCanvas.cs(185,22): warning CS0414: The field 'GameCanvas.isShowErrorForm' is assigned but its value is never used
[280/282    0s] CopyFiles Library/ScriptAssemblies/Assembly-CSharp.pdb
[281/282    0s] CopyFiles Library/ScriptAssemblies/Assembly-CSharp.dll
*** Tundra build success (4.43 seconds), 3 items updated, 282 evaluated
Assets\Scripts\Controller.cs(8,14): warning CS0618: 'UxmlAttributeDescription' is obsolete: 'UxmlTraits system is deprecated and will be removed. Use UxmlElementAttribute instead.'
Assets\Scripts\Controller.cs(100,30): warning CS0168: The variable 'ex' is declared but never used
Assets\Scripts\Controller.cs(104,26): warning CS0168: The variable 'ex2' is declared but never used
Assets\Scripts\Session_ME.cs(325,21): warning CS1998: This async method lacks 'await' operators and will run synchronously. Consider using the 'await' operator to await non-blocking API calls, or 'await Task.Run(...)' to do CPU-bound work on a background thread.
Assets\Scripts\Char.cs(6955,9): warning CS0472: The result of the expression is always 'true' since a value of type 'int' is never equal to 'null' of type 'int?'
Assets\Scripts\ipKeyboard.cs(28,22): warning CS0618: 'TouchScreenKeyboard.done' is obsolete: 'Property done is deprecated, use status instead'
Assets\Scripts\myReader.cs(106,4): warning CS0675: Bitwise-or operator used on a sign-extended operand; consider casting to a smaller unsigned type first
Assets\Scripts\ModFunc.cs(2458,18): warning CS0618: 'Resolution.refreshRate' is obsolete: 'Resolution.refreshRate is obsolete. Use refreshRateRatio instead.'
Assets\Scripts\Controller.cs(4336,42): warning CS0168: The variable 'ex28' is declared but never used
Assets\Scripts\Controller.cs(4562,26): warning CS0168: The variable 'ex40' is declared but never used
Assets\Scripts\GameCanvas.cs(303,14): warning CS0414: The field 'GameCanvas.count' is assigned but its value is never used
Assets\Scripts\Panel.cs(498,15): warning CS0414: The field 'Panel.wantUpdateList' is assigned but its value is never used
Assets\Scripts\Mob.cs(206,14): warning CS0414: The field 'Mob.color' is assigned but its value is never used
Assets\Scripts\Char.cs(969,14): warning CS0414: The field 'Char.per_tem' is assigned but its value is never used
Assets\Scripts\QuayTamBao.cs(19,30): warning CS0414: The field 'QuayTamBao.BOX_INFO_WIDTH' is assigned but its value is never used
Assets\Scripts\MotherCanvas.cs(9,14): warning CS0414: The field 'MotherCanvas.OUTPUTSIZE' is assigned but its value is never used
Assets\Scripts\QuayTamBao.cs(11,30): warning CS0414: The field 'QuayTamBao.TOTAL_RATE' is assigned but its value is never used
Assets\Scripts\Menu.cs(61,15): warning CS0414: The field 'Menu.wantUpdateList' is assigned but its value is never used
Assets\Scripts\Char.cs(731,14): warning CS0414: The field 'Char.indexUseSkill' is assigned but its value is never used
Assets\Scripts\QuayTamBao.cs(21,30): warning CS0414: The field 'QuayTamBao.BOX_INFO_HEIGHT' is assigned but its value is never used
Assets\Scripts\ModFunc.cs(75,22): warning CS0414: The field 'ModFunc.lastTimeLog' is assigned but its value is never used
Assets\Scripts\NewBoss.cs(25,15): warning CS0414: The field 'NewBoss.flyUp' is assigned but its value is never used
Assets\Scripts\QuaNapTuan.cs(25,30): warning CS0414: The field 'QuaNapTuan.GRID_COLUMNS' is assigned but its value is never used
Assets\Scripts\QuayTamBao.cs(7,30): warning CS0414: The field 'QuayTamBao.ITEM_THUONG_START' is assigned but its value is never used
Assets\Scripts\ChatTextField.cs(29,15): warning CS0414: The field 'ChatTextField.isPublic' is assigned but its value is never used
Assets\Scripts\Panel.cs(506,14): warning CS0414: The field 'Panel.keyToundGD' is assigned but its value is never used
Assets\Scripts\FireWorkEff.cs(29,21): warning CS0414: The field 'FireWorkEff.ymax' is assigned but its value is never used
Assets\Scripts\GameScr.cs(735,14): warning CS0414: The field 'GameScr.Hitem' is assigned but its value is never used
Assets\Scripts\Char.cs(967,14): warning CS0414: The field 'Char.per' is assigned but its value is never used
Assets\Scripts\Panel.cs(580,15): warning CS0414: The field 'Panel.isUp' is assigned but its value is never used
Assets\Scripts\QuaNapTuan.cs(21,30): warning CS0414: The field 'QuaNapTuan.ITEM_BOX_SIZE' is assigned but its value is never used
Assets\Scripts\QuayTamBao.cs(9,30): warning CS0414: The field 'QuayTamBao.ITEM_THUONG_END' is assigned but its value is never used
Assets\Scripts\FireWorkEff.cs(13,21): warning CS0414: The field 'FireWorkEff.f' is assigned but its value is never used
Assets\Scripts\TabClanIcon.cs(41,15): warning CS0414: The field 'TabClanIcon.isUpdate' is assigned but its value is never used
Assets\Scripts\GameScr.cs(737,14): warning CS0414: The field 'GameScr.maxSizeRow' is assigned but its value is never used
Assets\Scripts\SoundMn.cs(14,21): warning CS0414: The field 'SoundMn.MAX_VOLUME' is assigned but its value is never used
Assets\Scripts\Panel.cs(504,14): warning CS0414: The field 'Panel.keyTouchLock' is assigned but its value is never used
Assets\Scripts\QuaNapTuan.cs(23,30): warning CS0414: The field 'QuaNapTuan.ITEM_SPACING' is assigned but its value is never used
Assets\Scripts\Char.cs(841,15): warning CS0414: The field 'Char.isSoundJump' is assigned but its value is never used
Assets\Scripts\GameCanvas.cs(185,22): warning CS0414: The field 'GameCanvas.isShowErrorForm' is assigned but its value is never used
Total cache size 11730608
Total cache size after purge 11730608, took 00:00:00.0250114
Reloading assemblies after forced synchronous recompile.
Attempted to call .Dispose on an already disposed CancellationTokenSource
Begin MonoManager ReloadAssembly
Symbol file LoadedFromMemory is not a mono symbol file
Symbol file data-00000217CADF6510 doesn't match image C:\Users\Admin\Downloads\PRJ 3in1 Goc\PRJ 3in1 Goc\Assets\OPS\Obfuscator\Editor\Plugins\OPS.Obfuscator.Editor.dll
Symbol file LoadedFromMemory is not a mono symbol file
Symbol file LoadedFromMemory is not a mono symbol file
Symbol file LoadedFromMemory is not a mono symbol file
Symbol file LoadedFromMemory is not a mono symbol file
Symbol file LoadedFromMemory is not a mono symbol file
Native extension for iOS target not found
Native extension for Android target not found
Native extension for WindowsStandalone target not found
Native extension for WebGL target not found
[MODES] ModeService[none].Initialize
[MODES] ModeService[none].LoadModes
🔄 Setting default orientation to Landscape (Android & iOS)
UnityEngine.Debug:ExtractStackTraceNoAlloc (byte*,int,string)
UnityEngine.StackTraceUtility:ExtractStackTrace ()
UnityEngine.DebugLogHandler:Internal_Log (UnityEngine.LogType,UnityEngine.LogOption,string,UnityEngine.Object)
UnityEngine.DebugLogHandler:LogFormat (UnityEngine.LogType,UnityEngine.Object,string,object[])
UnityEngine.Logger:Log (UnityEngine.LogType,object)
UnityEngine.Debug:Log (object)
AutoSetOrientation:SetOrientationSettings () (at Assets/Editor/AutoSetOrientation.cs:35)
AutoSetOrientation:.cctor () (at Assets/Editor/AutoSetOrientation.cs:11)
System.Runtime.CompilerServices.RuntimeHelpers:RunClassConstructor (System.RuntimeTypeHandle)
UnityEditor.EditorAssemblies:ProcessInitializeOnLoadAttributes (System.ReadOnlySpan`1<intptr>)

(Filename: Assets/Editor/AutoSetOrientation.cs Line: 35)

ScheduleIndexationOnStartup MainProcess:True IndexOnStartup:True
[Licensing::Client] Successfully resolved entitlement details
Mono: successfully reloaded assembly
- Finished resetting the current domain, in  1.395 seconds
Domain Reload Profiling: 2290ms
	BeginReloadAssembly (562ms)
		DisableScriptedObjects (129ms)
		CreateAndSetChildDomain (229ms)
	RebuildCommonClasses (9ms)
	RebuildNativeTypeToScriptingClass (16ms)
	initialDomainReloadingComplete (56ms)
	LoadAllAssembliesAndSetupDomain (252ms)
		LoadAssemblies (129ms)
		AnalyzeDomain (58ms)
			TypeCache.Refresh (10ms)
			BuildScriptInfoCaches (41ms)
			ResolveRequiredComponents (4ms)
	FinalizeReload (1396ms)
		SetupLoadedEditorAssemblies (0ms)
			InitializePlatformSupportModulesInManaged (17ms)
			BeforeProcessingInitializeOnLoad (148ms)
			ProcessInitializeOnLoadAttributes (102ms)
			ProcessInitializeOnLoadMethodAttributes (94ms)
			AfterProcessingInitializeOnLoad (6ms)
		AwakeInstancesAfterBackupRestoration (556ms)

Asset Pipeline Refresh (id=4ab7877fc7d5edf43afe857422a6dc7c): Total: 7.351 seconds - Initiated by RefreshV2(AllowForceSynchronousImport)
	(Values over 0.05ms)
	Summary:
		Imports: total=0 (actual=0, local cache=0, cache server=0)
		Asset DB Process Time: managed=0 ms, native=1510 ms
		Asset DB Callback time: managed=76 ms, native=46 ms
		Scripting: domain reloads=1, domain reload time=929 ms, compile time=4787 ms, other=0 ms
		Project Asset Count: scripts=525, non-scripts=2859
		Asset File Changes: new=0, changed=1, moved=0, deleted=0
		Scan Filter Count: 0
	InvokePackagesCallback: 2.285ms
	ApplyChangesToAssetFolders: 0.384ms
	Scan: 24.270ms
	Collect global state as custom dependencies: 1.434ms
	OnSourceAssetsModified: 2.065ms
	ProcessAssetsWithTransientArtifactChanges: 1.663ms
	CategorizeAssets: 19.809ms
	CompileScripts: 4787.427ms
	ImportOutOfDateAssets: 1417.393ms (1399.386ms without children)
		UnloadImportedAssets: 2.226ms
		EnsureUptoDateAssetsAreRegisteredWithGuidPM: 0.510ms
		ImportSchedulerStart: 15.266ms
	PostProcessAllAssets: 78.939ms
		WindowTitlePostprocess 0.384ms
		MonoPostProcessAllAssets: 75.248ms
			AssetPostprocessor.OnPostprocessAllAssets 31.406ms
			SyncVS.PostprocessSyncProject 9.643ms
			WindowAssetPostprocessingWatcher.OnPostprocessAllAssets 7.173ms
			AssetChangedListener.OnPostprocessAllAssets 5.744ms
			BuilderAssetPostprocessor.OnPostprocessAllAssets 5.373ms
			RetainedModeAssetPostprocessor.OnPostprocessAllAssets 1.258ms
			EditModeScopePostprocessor.OnPostprocessAllAssets 0.909ms
			SpeedTree9Postprocessor.OnPostprocessAllAssets 0.796ms
			ArtifactBrowserPostProcessor.OnPostprocessAllAssets 0.612ms
			TMPro_TexturePostProcessor.OnPostprocessAllAssets 0.547ms
			ReferencedClipsPostProcessor.OnPostprocessAllAssets 0.433ms
			AssetEvents.OnPostprocessAllAssets 0.388ms
			TextAssetPostProcessor.OnPostprocessAllAssets 0.350ms
			AudioMixerPostprocessor.OnPostprocessAllAssets 0.323ms
			StyleCatalogPostProcessor.OnPostprocessAllAssets 0.259ms
			SpeedTreePostProcessor.OnPostprocessAllAssets 0.163ms
			TerrainToolbarOverlayPostProcessor.OnPostprocessAllAssets 0.145ms
			AssetDatabaseCallbacks.OnPostprocessAllAssets 0.141ms
			ConfigAssetsTracker.OnPostprocessAllAssets 0.131ms
			ScenarioDriftAssetsTracker.OnPostprocessAllAssets 0.123ms
			RenderPipelineGlobalSettingsPostprocessor.OnPostprocessAllAssets 0.123ms
			AudioContainerPostProcessor.OnPostprocessAllAssets 0.080ms
	PostAssetChangesProfiler: 41.532ms
	GatherAllCurrentPrimaryImportResultRevisions: 0.249ms
	UnloadStreamsBegin: 2.076ms
	PersistCurrentRevisions: 0.130ms
	GenerateScriptTypeHashes: 0.118ms
	GenerateScriptTypeSerializationHashes: 0.275ms
	Untracked: 966.118ms

[Licensing::Client] Successfully resolved entitlement details
Asset Pipeline Refresh (id=fc80f4b7dc5190649abb6816d2fc66f4): Total: 0.010 seconds - Initiated by RefreshV2(AllowForceSynchronousImport)
[Worker1] Imported GUID: ec0fed1d0cd52934b93f2290187c9366 - Path: Assets/Scripts/ServerListScreen.cs - Importer: PreviewImporter -> (ImportResultId: 'cdb565898e0601778893b03cd40ae63c') in 0.0104149 seconds
Asset Pipeline Refresh (id=d6e69c5a988cf1f4b8ca44f691e65c00): Total: 0.006 seconds - Initiated by RefreshV2(NoUpdateAssetOptions)
SpriteAtlasPacking completed in 0.008637 sec
Reloading assemblies for play mode.
Reloading assemblies after forced synchronous recompile.
Begin MonoManager ReloadAssembly
Symbol file LoadedFromMemory is not a mono symbol file
Symbol file data-0000021A01AF1BC0 doesn't match image C:\Users\Admin\Downloads\PRJ 3in1 Goc\PRJ 3in1 Goc\Assets\OPS\Obfuscator\Editor\Plugins\OPS.Obfuscator.Editor.dll
Symbol file LoadedFromMemory is not a mono symbol file
Symbol file LoadedFromMemory is not a mono symbol file
Symbol file LoadedFromMemory is not a mono symbol file
Symbol file LoadedFromMemory is not a mono symbol file
Symbol file LoadedFromMemory is not a mono symbol file
Native extension for iOS target not found
Native extension for Android target not found
Native extension for WindowsStandalone target not found
Native extension for WebGL target not found
🔄 Setting default orientation to Landscape (Android & iOS)
UnityEngine.Debug:ExtractStackTraceNoAlloc (byte*,int,string)
UnityEngine.StackTraceUtility:ExtractStackTrace ()
UnityEngine.DebugLogHandler:Internal_Log (UnityEngine.LogType,UnityEngine.LogOption,string,UnityEngine.Object)
UnityEngine.DebugLogHandler:LogFormat (UnityEngine.LogType,UnityEngine.Object,string,object[])
UnityEngine.Logger:Log (UnityEngine.LogType,object)
UnityEngine.Debug:Log (object)
AutoSetOrientation:SetOrientationSettings () (at Assets/Editor/AutoSetOrientation.cs:35)
AutoSetOrientation:.cctor () (at Assets/Editor/AutoSetOrientation.cs:11)
System.Runtime.CompilerServices.RuntimeHelpers:RunClassConstructor (System.RuntimeTypeHandle)
UnityEditor.EditorAssemblies:ProcessInitializeOnLoadAttributes (System.ReadOnlySpan`1<intptr>)

(Filename: Assets/Editor/AutoSetOrientation.cs Line: 35)

ScheduleIndexationOnStartup MainProcess:True IndexOnStartup:True
[MODES] ModeService[none].Initialize
[MODES] ModeService[none].LoadModes
Mono: successfully reloaded assembly
- Finished resetting the current domain, in  1.171 seconds
Domain Reload Profiling: 1805ms
	BeginReloadAssembly (455ms)
		DisableScriptedObjects (111ms)
		CreateAndSetChildDomain (191ms)
	RebuildCommonClasses (10ms)
	RebuildNativeTypeToScriptingClass (17ms)
	initialDomainReloadingComplete (44ms)
	LoadAllAssembliesAndSetupDomain (108ms)
		LoadAssemblies (102ms)
		AnalyzeDomain (9ms)
			TypeCache.Refresh (5ms)
	FinalizeReload (1172ms)
		SetupLoadedEditorAssemblies (0ms)
			InitializePlatformSupportModulesInManaged (16ms)
			BeforeProcessingInitializeOnLoad (84ms)
			ProcessInitializeOnLoadAttributes (89ms)
			ProcessInitializeOnLoadMethodAttributes (94ms)
			AfterProcessingInitializeOnLoad (7ms)
		AwakeInstancesAfterBackupRestoration (538ms)

Asset Pipeline Refresh (id=4d3f377c2300e924f8020c8a876a03c9): Total: 1.937 seconds - Initiated by StopAssetImportingV2(ForceSynchronousImport | ForceDomainReload)
	(Values over 0.05ms)
	Summary:
		Imports: total=0 (actual=0, local cache=0, cache server=0)
		Asset DB Process Time: managed=0 ms, native=1244 ms
		Asset DB Callback time: managed=27 ms, native=0 ms
		Scripting: domain reloads=1, domain reload time=663 ms, compile time=1 ms, other=0 ms
		Project Asset Count: scripts=525, non-scripts=2859
		Asset File Changes: new=0, changed=0, moved=0, deleted=0
		Scan Filter Count: 0
	InvokePackagesCallback: 1.504ms
	ApplyChangesToAssetFolders: 0.287ms
	Collect global state as custom dependencies: 0.752ms
	CategorizeAssets: 18.167ms
	CompileScripts: 1.413ms
	ImportOutOfDateAssets: 1191.685ms (1175.416ms without children)
		UnloadImportedAssets: 0.177ms
		EnsureUptoDateAssetsAreRegisteredWithGuidPM: 0.475ms
		ImportSchedulerStart: 15.611ms
	PostProcessAllAssets: 27.056ms
		MonoPostProcessAllAssets: 27.051ms
			AssetPostprocessor.OnPostprocessAllAssets 31.406ms
			SyncVS.PostprocessSyncProject 9.705ms
			WindowAssetPostprocessingWatcher.OnPostprocessAllAssets 7.317ms
			AssetChangedListener.OnPostprocessAllAssets 5.744ms
			BuilderAssetPostprocessor.OnPostprocessAllAssets 5.373ms
			RetainedModeAssetPostprocessor.OnPostprocessAllAssets 1.258ms
			SpeedTree9Postprocessor.OnPostprocessAllAssets 0.875ms
			ArtifactBrowserPostProcessor.OnPostprocessAllAssets 0.612ms
			TMPro_TexturePostProcessor.OnPostprocessAllAssets 0.547ms
			AssetEvents.OnPostprocessAllAssets 0.388ms
			TextAssetPostProcessor.OnPostprocessAllAssets 0.350ms
			AudioMixerPostprocessor.OnPostprocessAllAssets 0.323ms
			ReferencedClipsPostProcessor.OnPostprocessAllAssets 0.279ms
			EditModeScopePostprocessor.OnPostprocessAllAssets 0.268ms
			StyleCatalogPostProcessor.OnPostprocessAllAssets 0.259ms
			SpeedTreePostProcessor.OnPostprocessAllAssets 0.163ms
			TerrainToolbarOverlayPostProcessor.OnPostprocessAllAssets 0.162ms
			AssetDatabaseCallbacks.OnPostprocessAllAssets 0.142ms
			ConfigAssetsTracker.OnPostprocessAllAssets 0.131ms
			RenderPipelineGlobalSettingsPostprocessor.OnPostprocessAllAssets 0.127ms
			ScenarioDriftAssetsTracker.OnPostprocessAllAssets 0.123ms
			AudioContainerPostProcessor.OnPostprocessAllAssets 0.080ms
	GatherAllCurrentPrimaryImportResultRevisions: 0.162ms
	PersistCurrentRevisions: 0.165ms
	GenerateScriptTypeHashes: 0.106ms
	GenerateScriptTypeSerializationHashes: 0.249ms
	Untracked: 689.811ms

The referenced script (Unknown) on this Behaviour is missing!
Loaded scene 'Temp/__Backupscenes/0.backup'
	Deserialize:            1.600 ms
	Integration:            32.283 ms
	Integration of assets:  0.002 ms
	Thread Wait Time:       0.010 ms
	Total Operation Time:   33.895 ms
Loading fonts before game init...
UnityEngine.Debug:ExtractStackTraceNoAlloc (byte*,int,string)
UnityEngine.StackTraceUtility:ExtractStackTrace ()
UnityEngine.DebugLogHandler:Internal_Log (UnityEngine.LogType,UnityEngine.LogOption,string,UnityEngine.Object)
UnityEngine.DebugLogHandler:LogFormat (UnityEngine.LogType,UnityEngine.Object,string,object[])
UnityEngine.Logger:Log (UnityEngine.LogType,object)
UnityEngine.Debug:Log (object)
Main:Start () (at Assets/Scripts/Main.cs:117)

(Filename: Assets/Scripts/Main.cs Line: 117)

[FPS] High mode ON → 144Hz (screen 144)
UnityEngine.Debug:ExtractStackTraceNoAlloc (byte*,int,string)
UnityEngine.StackTraceUtility:ExtractStackTrace ()
UnityEngine.DebugLogHandler:Internal_Log (UnityEngine.LogType,UnityEngine.LogOption,string,UnityEngine.Object)
UnityEngine.DebugLogHandler:LogFormat (UnityEngine.LogType,UnityEngine.Object,string,object[])
UnityEngine.Logger:Log (UnityEngine.LogType,object)
UnityEngine.Debug:Log (object)
ModFunc:ChangeFPSTarget () (at Assets/Scripts/ModFunc.cs:2482)
ModFunc:LoadGame () (at Assets/Scripts/ModFunc.cs:580)
Main:Start () (at Assets/Scripts/Main.cs:137)

(Filename: Assets/Scripts/ModFunc.cs Line: 2482)

[Licensing::Client] Successfully resolved entitlement details
connect fail
UnityEngine.Debug:ExtractStackTraceNoAlloc (byte*,int,string)
UnityEngine.StackTraceUtility:ExtractStackTrace ()
UnityEngine.DebugLogHandler:Internal_Log (UnityEngine.LogType,UnityEngine.LogOption,string,UnityEngine.Object)
UnityEngine.DebugLogHandler:LogFormat (UnityEngine.LogType,UnityEngine.Object,string,object[])
UnityEngine.Logger:Log (UnityEngine.LogType,object)
UnityEngine.Debug:Log (object)
GameCanvas:update () (at Assets/Scripts/GameCanvas.cs:710)
Main:FixedUpdate () (at Assets/Scripts/Main.cs:319)

(Filename: Assets/Scripts/GameCanvas.cs Line: 710)

connect fail
UnityEngine.Debug:ExtractStackTraceNoAlloc (byte*,int,string)
UnityEngine.StackTraceUtility:ExtractStackTrace ()
UnityEngine.DebugLogHandler:Internal_Log (UnityEngine.LogType,UnityEngine.LogOption,string,UnityEngine.Object)
UnityEngine.DebugLogHandler:LogFormat (UnityEngine.LogType,UnityEngine.Object,string,object[])
UnityEngine.Logger:Log (UnityEngine.LogType,object)
UnityEngine.Debug:Log (object)
GameCanvas:update () (at Assets/Scripts/GameCanvas.cs:710)
Main:FixedUpdate () (at Assets/Scripts/Main.cs:319)

(Filename: Assets/Scripts/GameCanvas.cs Line: 710)

connect fail
UnityEngine.Debug:ExtractStackTraceNoAlloc (byte*,int,string)
UnityEngine.StackTraceUtility:ExtractStackTrace ()
UnityEngine.DebugLogHandler:Internal_Log (UnityEngine.LogType,UnityEngine.LogOption,string,UnityEngine.Object)
UnityEngine.DebugLogHandler:LogFormat (UnityEngine.LogType,UnityEngine.Object,string,object[])
UnityEngine.Logger:Log (UnityEngine.LogType,object)
UnityEngine.Debug:Log (object)
GameCanvas:update () (at Assets/Scripts/GameCanvas.cs:710)
Main:FixedUpdate () (at Assets/Scripts/Main.cs:319)

(Filename: Assets/Scripts/GameCanvas.cs Line: 710)

connect fail
UnityEngine.Debug:ExtractStackTraceNoAlloc (byte*,int,string)
UnityEngine.StackTraceUtility:ExtractStackTrace ()
UnityEngine.DebugLogHandler:Internal_Log (UnityEngine.LogType,UnityEngine.LogOption,string,UnityEngine.Object)
UnityEngine.DebugLogHandler:LogFormat (UnityEngine.LogType,UnityEngine.Object,string,object[])
UnityEngine.Logger:Log (UnityEngine.LogType,object)
UnityEngine.Debug:Log (object)
GameCanvas:update () (at Assets/Scripts/GameCanvas.cs:710)
Main:FixedUpdate () (at Assets/Scripts/Main.cs:319)

(Filename: Assets/Scripts/GameCanvas.cs Line: 710)

connect fail
UnityEngine.Debug:ExtractStackTraceNoAlloc (byte*,int,string)
UnityEngine.StackTraceUtility:ExtractStackTrace ()
UnityEngine.DebugLogHandler:Internal_Log (UnityEngine.LogType,UnityEngine.LogOption,string,UnityEngine.Object)
UnityEngine.DebugLogHandler:LogFormat (UnityEngine.LogType,UnityEngine.Object,string,object[])
UnityEngine.Logger:Log (UnityEngine.LogType,object)
UnityEngine.Debug:Log (object)
GameCanvas:update () (at Assets/Scripts/GameCanvas.cs:710)
Main:FixedUpdate () (at Assets/Scripts/Main.cs:319)

(Filename: Assets/Scripts/GameCanvas.cs Line: 710)

APP QUIT
UnityEngine.Debug:ExtractStackTraceNoAlloc (byte*,int,string)
UnityEngine.StackTraceUtility:ExtractStackTrace ()
UnityEngine.DebugLogHandler:Internal_Log (UnityEngine.LogType,UnityEngine.LogOption,string,UnityEngine.Object)
UnityEngine.DebugLogHandler:LogFormat (UnityEngine.LogType,UnityEngine.Object,string,object[])
UnityEngine.Logger:Log (UnityEngine.LogType,object)
UnityEngine.Debug:LogWarning (object)
Main:OnApplicationQuit () (at Assets/Scripts/Main.cs:410)

(Filename: Assets/Scripts/Main.cs Line: 410)

Unloading 349 Unused Serialized files (Serialized files now loaded: 0)
Loaded scene 'Temp/__Backupscenes/0.backup'
	Deserialize:            0.649 ms
	Integration:            13.695 ms
	Integration of assets:  0.001 ms
	Thread Wait Time:       0.026 ms
	Total Operation Time:   14.371 ms
Unloading 98 unused Assets / (17.2 MB). Loaded Objects now: 3142.
Memory consumption went from 436.0 MB to 418.7 MB.
Total: 15.000500 ms (FindLiveObjects: 0.346800 ms CreateObjectMapping: 0.179800 ms MarkObjects: 10.139400 ms  DeleteObjects: 4.332500 ms)

[Licensing::Client] Successfully resolved entitlement details
Asset Pipeline Refresh (id=0c126af9816e6434d85a6603bd0b063a): Total: 0.011 seconds - Initiated by RefreshV2(NoUpdateAssetOptions)
SpriteAtlasPacking completed in 0.012408 sec
Reloading assemblies for play mode.
Reloading assemblies after forced synchronous recompile.
Begin MonoManager ReloadAssembly
Symbol file LoadedFromMemory is not a mono symbol file
Symbol file data-00000217C33F7C50 doesn't match image C:\Users\Admin\Downloads\PRJ 3in1 Goc\PRJ 3in1 Goc\Assets\OPS\Obfuscator\Editor\Plugins\OPS.Obfuscator.Editor.dll
Symbol file LoadedFromMemory is not a mono symbol file
Symbol file LoadedFromMemory is not a mono symbol file
Symbol file LoadedFromMemory is not a mono symbol file
Symbol file LoadedFromMemory is not a mono symbol file
Symbol file LoadedFromMemory is not a mono symbol file
Native extension for iOS target not found
Native extension for Android target not found
Native extension for WindowsStandalone target not found
Native extension for WebGL target not found
🔄 Setting default orientation to Landscape (Android & iOS)
UnityEngine.Debug:ExtractStackTraceNoAlloc (byte*,int,string)
UnityEngine.StackTraceUtility:ExtractStackTrace ()
UnityEngine.DebugLogHandler:Internal_Log (UnityEngine.LogType,UnityEngine.LogOption,string,UnityEngine.Object)
UnityEngine.DebugLogHandler:LogFormat (UnityEngine.LogType,UnityEngine.Object,string,object[])
UnityEngine.Logger:Log (UnityEngine.LogType,object)
UnityEngine.Debug:Log (object)
AutoSetOrientation:SetOrientationSettings () (at Assets/Editor/AutoSetOrientation.cs:35)
AutoSetOrientation:.cctor () (at Assets/Editor/AutoSetOrientation.cs:11)
System.Runtime.CompilerServices.RuntimeHelpers:RunClassConstructor (System.RuntimeTypeHandle)
UnityEditor.EditorAssemblies:ProcessInitializeOnLoadAttributes (System.ReadOnlySpan`1<intptr>)

(Filename: Assets/Editor/AutoSetOrientation.cs Line: 35)

ScheduleIndexationOnStartup MainProcess:True IndexOnStartup:True
[Licensing::Client] Successfully resolved entitlement details
[MODES] ModeService[none].Initialize
[MODES] ModeService[none].LoadModes
Mono: successfully reloaded assembly
- Finished resetting the current domain, in  1.184 seconds
Domain Reload Profiling: 1849ms
	BeginReloadAssembly (482ms)
		DisableScriptedObjects (95ms)
		CreateAndSetChildDomain (220ms)
	RebuildCommonClasses (9ms)
	RebuildNativeTypeToScriptingClass (16ms)
	initialDomainReloadingComplete (48ms)
	LoadAllAssembliesAndSetupDomain (109ms)
		LoadAssemblies (100ms)
		AnalyzeDomain (9ms)
			TypeCache.Refresh (5ms)
	FinalizeReload (1185ms)
		SetupLoadedEditorAssemblies (0ms)
			InitializePlatformSupportModulesInManaged (16ms)
			BeforeProcessingInitializeOnLoad (84ms)
			ProcessInitializeOnLoadAttributes (90ms)
			ProcessInitializeOnLoadMethodAttributes (91ms)
			AfterProcessingInitializeOnLoad (7ms)
		AwakeInstancesAfterBackupRestoration (547ms)

Asset Pipeline Refresh (id=8dd607bd1c34611449ddd16308665d6e): Total: 1.985 seconds - Initiated by StopAssetImportingV2(ForceSynchronousImport | ForceDomainReload)
	(Values over 0.05ms)
	Summary:
		Imports: total=0 (actual=0, local cache=0, cache server=0)
		Asset DB Process Time: managed=0 ms, native=1258 ms
		Asset DB Callback time: managed=27 ms, native=0 ms
		Scripting: domain reloads=1, domain reload time=697 ms, compile time=2 ms, other=0 ms
		Project Asset Count: scripts=525, non-scripts=2859
		Asset File Changes: new=0, changed=0, moved=0, deleted=0
		Scan Filter Count: 0
	InvokePackagesCallback: 1.592ms
	ApplyChangesToAssetFolders: 0.295ms
	Collect global state as custom dependencies: 0.756ms
	CategorizeAssets: 19.135ms
	CompileScripts: 1.579ms
	ImportOutOfDateAssets: 1203.136ms (1188.466ms without children)
		UnloadImportedAssets: 0.213ms
		EnsureUptoDateAssetsAreRegisteredWithGuidPM: 0.438ms
		ImportSchedulerStart: 14.013ms
	PostProcessAllAssets: 27.617ms
		MonoPostProcessAllAssets: 27.612ms
			AssetPostprocessor.OnPostprocessAllAssets 31.406ms
			SyncVS.PostprocessSyncProject 9.746ms
			WindowAssetPostprocessingWatcher.OnPostprocessAllAssets 7.219ms
			AssetChangedListener.OnPostprocessAllAssets 5.744ms
			BuilderAssetPostprocessor.OnPostprocessAllAssets 5.373ms
			RetainedModeAssetPostprocessor.OnPostprocessAllAssets 1.258ms
			SpeedTree9Postprocessor.OnPostprocessAllAssets 0.776ms
			ArtifactBrowserPostProcessor.OnPostprocessAllAssets 0.612ms
			TMPro_TexturePostProcessor.OnPostprocessAllAssets 0.547ms
			AssetEvents.OnPostprocessAllAssets 0.388ms
			TextAssetPostProcessor.OnPostprocessAllAssets 0.350ms
			AudioMixerPostprocessor.OnPostprocessAllAssets 0.323ms
			EditModeScopePostprocessor.OnPostprocessAllAssets 0.267ms
			StyleCatalogPostProcessor.OnPostprocessAllAssets 0.259ms
			ReferencedClipsPostProcessor.OnPostprocessAllAssets 0.258ms
			SpeedTreePostProcessor.OnPostprocessAllAssets 0.163ms
			TerrainToolbarOverlayPostProcessor.OnPostprocessAllAssets 0.161ms
			AssetDatabaseCallbacks.OnPostprocessAllAssets 0.143ms
			ConfigAssetsTracker.OnPostprocessAllAssets 0.131ms
			ScenarioDriftAssetsTracker.OnPostprocessAllAssets 0.123ms
			RenderPipelineGlobalSettingsPostprocessor.OnPostprocessAllAssets 0.081ms
			AudioContainerPostProcessor.OnPostprocessAllAssets 0.080ms
	GatherAllCurrentPrimaryImportResultRevisions: 0.203ms
	PersistCurrentRevisions: 0.141ms
	GenerateScriptTypeHashes: 0.120ms
	GenerateScriptTypeSerializationHashes: 0.271ms
	Untracked: 724.945ms

The referenced script (Unknown) on this Behaviour is missing!
Loaded scene 'Temp/__Backupscenes/0.backup'
	Deserialize:            0.906 ms
	Integration:            25.316 ms
	Integration of assets:  0.002 ms
	Thread Wait Time:       -0.000 ms
	Total Operation Time:   26.223 ms
Loading fonts before game init...
UnityEngine.Debug:ExtractStackTraceNoAlloc (byte*,int,string)
UnityEngine.StackTraceUtility:ExtractStackTrace ()
UnityEngine.DebugLogHandler:Internal_Log (UnityEngine.LogType,UnityEngine.LogOption,string,UnityEngine.Object)
UnityEngine.DebugLogHandler:LogFormat (UnityEngine.LogType,UnityEngine.Object,string,object[])
UnityEngine.Logger:Log (UnityEngine.LogType,object)
UnityEngine.Debug:Log (object)
Main:Start () (at Assets/Scripts/Main.cs:117)

(Filename: Assets/Scripts/Main.cs Line: 117)

[FPS] High mode ON → 144Hz (screen 144)
UnityEngine.Debug:ExtractStackTraceNoAlloc (byte*,int,string)
UnityEngine.StackTraceUtility:ExtractStackTrace ()
UnityEngine.DebugLogHandler:Internal_Log (UnityEngine.LogType,UnityEngine.LogOption,string,UnityEngine.Object)
UnityEngine.DebugLogHandler:LogFormat (UnityEngine.LogType,UnityEngine.Object,string,object[])
UnityEngine.Logger:Log (UnityEngine.LogType,object)
UnityEngine.Debug:Log (object)
ModFunc:ChangeFPSTarget () (at Assets/Scripts/ModFunc.cs:2482)
ModFunc:LoadGame () (at Assets/Scripts/ModFunc.cs:580)
Main:Start () (at Assets/Scripts/Main.cs:137)

(Filename: Assets/Scripts/ModFunc.cs Line: 2482)

[Licensing::Client] Successfully resolved entitlement details
Asset Pipeline Refresh (id=44f596b118025824681e8ff8307e265b): Total: 0.015 seconds - Initiated by RefreshV2(NoUpdateAssetOptions)
Asset Pipeline Refresh (id=e724c51ac5ce2b84ab7b81dd07a4d132): Total: 0.004 seconds - Initiated by RefreshV2(NoUpdateAssetOptions)
  at System.Net.Sockets.NetworkStream.Read (System.Span`1[T] destination) [0x0007c] in <bfd1a5b35aa0404ba84824656b7b767f>:0 
  at System.Net.Sockets.NetworkStream.ReadByte () [0x0000a] in <bfd1a5b35aa0404ba84824656b7b767f>:0 
  at System.IO.BinaryReader.FillBuffer (System.Int32 numBytes) [0x00041] in <816f70bc2a9c4332b0bd119906a8d40e>:0 
  at System.IO.BinaryReader.ReadSByte () [0x00000] in <816f70bc2a9c4332b0bd119906a8d40e>:0 
  at Session_ME+MessageCollector.readMessage () [0x00000] in C:\Users\Admin\Downloads\PRJ 3in1 Goc\PRJ 3in1 Goc\Assets\Scripts\Session_ME.cs:180 
UnityEngine.Debug:ExtractStackTraceNoAlloc (byte*,int,string)
UnityEngine.StackTraceUtility:ExtractStackTrace ()
UnityEngine.DebugLogHandler:Internal_Log (UnityEngine.LogType,UnityEngine.LogOption,string,UnityEngine.Object)
UnityEngine.DebugLogHandler:LogFormat (UnityEngine.LogType,UnityEngine.Object,string,object[])
UnityEngine.Logger:Log (UnityEngine.LogType,object)
UnityEngine.Debug:Log (object)
Session_ME/MessageCollector:readMessage () (at Assets/Scripts/Session_ME.cs:218)
Session_ME/MessageCollector:run () (at Assets/Scripts/Session_ME.cs:69)
System.Threading.ThreadHelper:ThreadStart_Context (object)
System.Threading.ExecutionContext:RunInternal (System.Threading.ExecutionContext,System.Threading.ContextCallback,object,bool)
System.Threading.ExecutionContext:Run (System.Threading.ExecutionContext,System.Threading.ContextCallback,object,bool)
System.Threading.ExecutionContext:Run (System.Threading.ExecutionContext,System.Threading.ContextCallback,object)
System.Threading.ThreadHelper:ThreadStart ()

(Filename: Assets/Scripts/Session_ME.cs Line: 218)

  at System.Net.Sockets.NetworkStream.Read (System.Span`1[T] destination) [0x0007c] in <bfd1a5b35aa0404ba84824656b7b767f>:0 
  at System.Net.Sockets.NetworkStream.ReadByte () [0x0000a] in <bfd1a5b35aa0404ba84824656b7b767f>:0 
  at System.IO.BinaryReader.FillBuffer (System.Int32 numBytes) [0x00041] in <816f70bc2a9c4332b0bd119906a8d40e>:0 
  at System.IO.BinaryReader.ReadSByte () [0x00000] in <816f70bc2a9c4332b0bd119906a8d40e>:0 
  at Session_ME+MessageCollector.readMessage () [0x00000] in C:\Users\Admin\Downloads\PRJ 3in1 Goc\PRJ 3in1 Goc\Assets\Scripts\Session_ME.cs:180 
UnityEngine.Debug:ExtractStackTraceNoAlloc (byte*,int,string)
UnityEngine.StackTraceUtility:ExtractStackTrace ()
UnityEngine.DebugLogHandler:Internal_Log (UnityEngine.LogType,UnityEngine.LogOption,string,UnityEngine.Object)
UnityEngine.DebugLogHandler:LogFormat (UnityEngine.LogType,UnityEngine.Object,string,object[])
UnityEngine.Logger:Log (UnityEngine.LogType,object)
UnityEngine.Debug:Log (object)
Session_ME/MessageCollector:readMessage () (at Assets/Scripts/Session_ME.cs:218)
Session_ME/MessageCollector:run () (at Assets/Scripts/Session_ME.cs:69)
System.Threading.ThreadHelper:ThreadStart_Context (object)
System.Threading.ExecutionContext:RunInternal (System.Threading.ExecutionContext,System.Threading.ContextCallback,object,bool)
System.Threading.ExecutionContext:Run (System.Threading.ExecutionContext,System.Threading.ContextCallback,object,bool)
System.Threading.ExecutionContext:Run (System.Threading.ExecutionContext,System.Threading.ContextCallback,object)
System.Threading.ThreadHelper:ThreadStart ()

(Filename: Assets/Scripts/Session_ME.cs Line: 218)

Scanning for USB devices : 1.417ms
Scanning for USB devices : 4.297ms
Android Extension - Scanning For ADB Devices 394 ms
Android Extension - Scanning For ADB Devices 268 ms
Attempted to call .Dispose on an already disposed CancellationTokenSource
Android Extension - Scanning For ADB Devices 310 ms
Android Extension - Scanning For ADB Devices 332 ms
  at System.Net.Sockets.NetworkStream.Read (System.Span`1[T] destination) [0x0007c] in <bfd1a5b35aa0404ba84824656b7b767f>:0 
  at System.Net.Sockets.NetworkStream.ReadByte () [0x0000a] in <bfd1a5b35aa0404ba84824656b7b767f>:0 
  at System.IO.BinaryReader.FillBuffer (System.Int32 numBytes) [0x00041] in <816f70bc2a9c4332b0bd119906a8d40e>:0 
  at System.IO.BinaryReader.ReadSByte () [0x00000] in <816f70bc2a9c4332b0bd119906a8d40e>:0 
  at Session_ME+MessageCollector.readMessage () [0x00000] in C:\Users\Admin\Downloads\PRJ 3in1 Goc\PRJ 3in1 Goc\Assets\Scripts\Session_ME.cs:180 
UnityEngine.Debug:ExtractStackTraceNoAlloc (byte*,int,string)
UnityEngine.StackTraceUtility:ExtractStackTrace ()
UnityEngine.DebugLogHandler:Internal_Log (UnityEngine.LogType,UnityEngine.LogOption,string,UnityEngine.Object)
UnityEngine.DebugLogHandler:LogFormat (UnityEngine.LogType,UnityEngine.Object,string,object[])
UnityEngine.Logger:Log (UnityEngine.LogType,object)
UnityEngine.Debug:Log (object)
Session_ME/MessageCollector:readMessage () (at Assets/Scripts/Session_ME.cs:218)
Session_ME/MessageCollector:run () (at Assets/Scripts/Session_ME.cs:69)
System.Threading.ThreadHelper:ThreadStart_Context (object)
System.Threading.ExecutionContext:RunInternal (System.Threading.ExecutionContext,System.Threading.ContextCallback,object,bool)
System.Threading.ExecutionContext:Run (System.Threading.ExecutionContext,System.Threading.ContextCallback,object,bool)
System.Threading.ExecutionContext:Run (System.Threading.ExecutionContext,System.Threading.ContextCallback,object)
System.Threading.ThreadHelper:ThreadStart ()

(Filename: Assets/Scripts/Session_ME.cs Line: 218)

  at System.Net.Sockets.NetworkStream.Read (System.Span`1[T] destination) [0x0007c] in <bfd1a5b35aa0404ba84824656b7b767f>:0 
  at System.Net.Sockets.NetworkStream.ReadByte () [0x0000a] in <bfd1a5b35aa0404ba84824656b7b767f>:0 
  at System.IO.BinaryReader.FillBuffer (System.Int32 numBytes) [0x00041] in <816f70bc2a9c4332b0bd119906a8d40e>:0 
  at System.IO.BinaryReader.ReadSByte () [0x00000] in <816f70bc2a9c4332b0bd119906a8d40e>:0 
  at Session_ME+MessageCollector.readMessage () [0x00000] in C:\Users\Admin\Downloads\PRJ 3in1 Goc\PRJ 3in1 Goc\Assets\Scripts\Session_ME.cs:180 
UnityEngine.Debug:ExtractStackTraceNoAlloc (byte*,int,string)
UnityEngine.StackTraceUtility:ExtractStackTrace ()
UnityEngine.DebugLogHandler:Internal_Log (UnityEngine.LogType,UnityEngine.LogOption,string,UnityEngine.Object)
UnityEngine.DebugLogHandler:LogFormat (UnityEngine.LogType,UnityEngine.Object,string,object[])
UnityEngine.Logger:Log (UnityEngine.LogType,object)
UnityEngine.Debug:Log (object)
Session_ME/MessageCollector:readMessage () (at Assets/Scripts/Session_ME.cs:218)
Session_ME/MessageCollector:run () (at Assets/Scripts/Session_ME.cs:69)
System.Threading.ThreadHelper:ThreadStart_Context (object)
System.Threading.ExecutionContext:RunInternal (System.Threading.ExecutionContext,System.Threading.ContextCallback,object,bool)
System.Threading.ExecutionContext:Run (System.Threading.ExecutionContext,System.Threading.ContextCallback,object,bool)
System.Threading.ExecutionContext:Run (System.Threading.ExecutionContext,System.Threading.ContextCallback,object)
System.Threading.ThreadHelper:ThreadStart ()

(Filename: Assets/Scripts/Session_ME.cs Line: 218)

[Licensing::Client] Successfully resolved entitlement details
Asset Pipeline Refresh (id=9c5aa48714c65d844b58efdb452ef901): Total: 0.003 seconds - Initiated by RefreshV2(NoUpdateAssetOptions)
APP QUIT
UnityEngine.Debug:ExtractStackTraceNoAlloc (byte*,int,string)
UnityEngine.StackTraceUtility:ExtractStackTrace ()
UnityEngine.DebugLogHandler:Internal_Log (UnityEngine.LogType,UnityEngine.LogOption,string,UnityEngine.Object)
UnityEngine.DebugLogHandler:LogFormat (UnityEngine.LogType,UnityEngine.Object,string,object[])
UnityEngine.Logger:Log (UnityEngine.LogType,object)
UnityEngine.Debug:LogWarning (object)
Main:OnApplicationQuit () (at Assets/Scripts/Main.cs:410)

(Filename: Assets/Scripts/Main.cs Line: 410)

ThreadAbortException: Thread was being aborted.
  at (wrapper managed-to-native) UnityEngine.Debug.ExtractStackTraceNoAlloc_Injected(byte*,int,UnityEngine.Bindings.ManagedSpanWrapper&)
  at UnityEngine.Debug.ExtractStackTraceNoAlloc (System.Byte* buffer, System.Int32 bufferMax, System.String projectFolder) [0x0002b] in <858f0765bd8f497aacadfc2cd49efcc0>:0 
  at UnityEngine.StackTraceUtility.ExtractStackTrace () [0x0000b] in <858f0765bd8f497aacadfc2cd49efcc0>:0 
UnityEngine.DebugLogHandler:Internal_Log_Injected(LogType, LogOption, ManagedSpanWrapper&, IntPtr)
UnityEngine.DebugLogHandler:Internal_Log(LogType, LogOption, String, Object)
UnityEngine.DebugLogHandler:LogFormat(LogType, Object, String, Object[])
UnityEngine.Logger:Log(LogType, Object)
UnityEngine.Debug:Log(Object)
MessageCollector:readMessage() (at Assets\Scripts\Session_ME.cs:218)
MessageCollector:run() (at Assets\Scripts\Session_ME.cs:69)
System.Threading.ThreadHelper:ThreadStart_Context(Object)
System.Threading.ExecutionContext:RunInternal(ExecutionContext, ContextCallback, Object, Boolean)
System.Threading.ExecutionContext:Run(ExecutionContext, ContextCallback, Object, Boolean)
System.Threading.ExecutionContext:Run(ExecutionContext, ContextCallback, Object)
System.Threading.ThreadHelper:ThreadStart()

(Filename: Assets/Scripts/Session_ME.cs Line: 218)

Failed to extract mono stacktrace from Log message
  at System.Net.Sockets.NetworkStream.Read (System.Span`1[T] destination) [0x0007c] in <bfd1a5b35aa0404ba84824656b7b767f>:0 
  at System.Net.Sockets.NetworkStream.ReadByte () [0x0000a] in <bfd1a5b35aa0404ba84824656b7b767f>:0 
  at System.IO.BinaryReader.FillBuffer (System.Int32 numBytes) [0x00041] in <816f70bc2a9c4332b0bd119906a8d40e>:0 
  at System.IO.BinaryReader.ReadSByte () [0x00000] in <816f70bc2a9c4332b0bd119906a8d40e>:0 
  at Session_ME+MessageCollector.readMessage () [0x00000] in C:\Users\Admin\Downloads\PRJ 3in1 Goc\PRJ 3in1 Goc\Assets\Scripts\Session_ME.cs:180 
Unloading 0 Unused Serialized files (Serialized files now loaded: 0)
Loaded scene 'Temp/__Backupscenes/0.backup'
	Deserialize:            0.791 ms
	Integration:            10.497 ms
	Integration of assets:  0.002 ms
	Thread Wait Time:       0.074 ms
	Total Operation Time:   11.364 ms
Unloading 50 unused Assets / (98.6 KB). Loaded Objects now: 3146.
Memory consumption went from 411.4 MB to 411.3 MB.
Total: 10.970700 ms (FindLiveObjects: 0.376200 ms CreateObjectMapping: 0.172900 ms MarkObjects: 10.190900 ms  DeleteObjects: 0.228800 ms)

[Licensing::Client] Successfully resolved entitlement details
Scanning for USB devices : 1.235ms
Asset Pipeline Refresh (id=529cd0d93efaae34594d6e5cddd724e6): Total: 0.009 seconds - Initiated by RefreshV2(AllowForceSynchronousImport)
Asset Pipeline Refresh (id=1523aab8492cc4c46a9ddb28d5f22910): Total: 0.003 seconds - Initiated by RefreshV2(AllowForceSynchronousImport)
Asset Pipeline Refresh (id=ebcf722ec6f4a6b4c818800568f9fe0e): Total: 0.005 seconds - Initiated by RefreshV2(NoUpdateAssetOptions)
SpriteAtlasPacking completed in 0.006112 sec
Reloading assemblies for play mode.
Reloading assemblies after forced synchronous recompile.
Attempted to call .Dispose on an already disposed CancellationTokenSource
Begin MonoManager ReloadAssembly
Symbol file LoadedFromMemory is not a mono symbol file
Symbol file data-00000217C33F7C50 doesn't match image C:\Users\Admin\Downloads\PRJ 3in1 Goc\PRJ 3in1 Goc\Assets\OPS\Obfuscator\Editor\Plugins\OPS.Obfuscator.Editor.dll
Symbol file LoadedFromMemory is not a mono symbol file
Symbol file LoadedFromMemory is not a mono symbol file
Symbol file LoadedFromMemory is not a mono symbol file
Symbol file LoadedFromMemory is not a mono symbol file
Symbol file LoadedFromMemory is not a mono symbol file
Native extension for iOS target not found
Native extension for Android target not found
Native extension for WindowsStandalone target not found
Native extension for WebGL target not found
🔄 Setting default orientation to Landscape (Android & iOS)
UnityEngine.Debug:ExtractStackTraceNoAlloc (byte*,int,string)
UnityEngine.StackTraceUtility:ExtractStackTrace ()
UnityEngine.DebugLogHandler:Internal_Log (UnityEngine.LogType,UnityEngine.LogOption,string,UnityEngine.Object)
UnityEngine.DebugLogHandler:LogFormat (UnityEngine.LogType,UnityEngine.Object,string,object[])
UnityEngine.Logger:Log (UnityEngine.LogType,object)
UnityEngine.Debug:Log (object)
AutoSetOrientation:SetOrientationSettings () (at Assets/Editor/AutoSetOrientation.cs:35)
AutoSetOrientation:.cctor () (at Assets/Editor/AutoSetOrientation.cs:11)
System.Runtime.CompilerServices.RuntimeHelpers:RunClassConstructor (System.RuntimeTypeHandle)
UnityEditor.EditorAssemblies:ProcessInitializeOnLoadAttributes (System.ReadOnlySpan`1<intptr>)

(Filename: Assets/Editor/AutoSetOrientation.cs Line: 35)

ScheduleIndexationOnStartup MainProcess:True IndexOnStartup:True
[Licensing::Client] Successfully resolved entitlement details
[MODES] ModeService[none].Initialize
[MODES] ModeService[none].LoadModes
Mono: successfully reloaded assembly
- Finished resetting the current domain, in  1.273 seconds
Domain Reload Profiling: 1944ms
	BeginReloadAssembly (479ms)
		DisableScriptedObjects (99ms)
		CreateAndSetChildDomain (193ms)
	RebuildCommonClasses (10ms)
	RebuildNativeTypeToScriptingClass (18ms)
	initialDomainReloadingComplete (45ms)
	LoadAllAssembliesAndSetupDomain (119ms)
		LoadAssemblies (108ms)
		AnalyzeDomain (10ms)
			TypeCache.Refresh (6ms)
	FinalizeReload (1274ms)
		SetupLoadedEditorAssemblies (0ms)
			InitializePlatformSupportModulesInManaged (18ms)
			BeforeProcessingInitializeOnLoad (91ms)
			ProcessInitializeOnLoadAttributes (96ms)
			ProcessInitializeOnLoadMethodAttributes (94ms)
			AfterProcessingInitializeOnLoad (7ms)
		AwakeInstancesAfterBackupRestoration (593ms)

Asset Pipeline Refresh (id=b5896b502000f14498ad76459beed074): Total: 2.089 seconds - Initiated by StopAssetImportingV2(ForceSynchronousImport | ForceDomainReload)
	(Values over 0.05ms)
	Summary:
		Imports: total=0 (actual=0, local cache=0, cache server=0)
		Asset DB Process Time: managed=0 ms, native=1351 ms
		Asset DB Callback time: managed=29 ms, native=0 ms
		Scripting: domain reloads=1, domain reload time=705 ms, compile time=2 ms, other=0 ms
		Project Asset Count: scripts=525, non-scripts=2859
		Asset File Changes: new=0, changed=0, moved=0, deleted=0
		Scan Filter Count: 0
	InvokePackagesCallback: 1.728ms
	ApplyChangesToAssetFolders: 0.336ms
	Collect global state as custom dependencies: 0.876ms
	ProcessAssetsWithTransientArtifactChanges: 0.064ms
	CategorizeAssets: 20.800ms
	CompileScripts: 1.707ms
	ImportOutOfDateAssets: 1292.360ms (1277.263ms without children)
		UnloadImportedAssets: 0.268ms
		EnsureUptoDateAssetsAreRegisteredWithGuidPM: 0.461ms
		ImportSchedulerStart: 14.365ms
	PostProcessAllAssets: 29.280ms
		MonoPostProcessAllAssets: 29.276ms
			AssetPostprocessor.OnPostprocessAllAssets 31.406ms
			SyncVS.PostprocessSyncProject 10.356ms
			WindowAssetPostprocessingWatcher.OnPostprocessAllAssets 8.760ms
			AssetChangedListener.OnPostprocessAllAssets 5.744ms
			BuilderAssetPostprocessor.OnPostprocessAllAssets 5.373ms
			RetainedModeAssetPostprocessor.OnPostprocessAllAssets 1.258ms
			SpeedTree9Postprocessor.OnPostprocessAllAssets 0.818ms
			ArtifactBrowserPostProcessor.OnPostprocessAllAssets 0.612ms
			TMPro_TexturePostProcessor.OnPostprocessAllAssets 0.547ms
			AssetEvents.OnPostprocessAllAssets 0.388ms
			TextAssetPostProcessor.OnPostprocessAllAssets 0.350ms
			AudioMixerPostprocessor.OnPostprocessAllAssets 0.323ms
			EditModeScopePostprocessor.OnPostprocessAllAssets 0.291ms
			ReferencedClipsPostProcessor.OnPostprocessAllAssets 0.270ms
			StyleCatalogPostProcessor.OnPostprocessAllAssets 0.259ms
			SpeedTreePostProcessor.OnPostprocessAllAssets 0.163ms
			AssetDatabaseCallbacks.OnPostprocessAllAssets 0.153ms
			TerrainToolbarOverlayPostProcessor.OnPostprocessAllAssets 0.143ms
			ConfigAssetsTracker.OnPostprocessAllAssets 0.131ms
			ScenarioDriftAssetsTracker.OnPostprocessAllAssets 0.123ms
			RenderPipelineGlobalSettingsPostprocessor.OnPostprocessAllAssets 0.083ms
			AudioContainerPostProcessor.OnPostprocessAllAssets 0.080ms
	GatherAllCurrentPrimaryImportResultRevisions: 0.159ms
	PersistCurrentRevisions: 0.134ms
	GenerateScriptTypeHashes: 0.129ms
	GenerateScriptTypeSerializationHashes: 0.298ms
	Untracked: 735.742ms

The referenced script (Unknown) on this Behaviour is missing!
Loaded scene 'Temp/__Backupscenes/0.backup'
	Deserialize:            1.605 ms
	Integration:            40.654 ms
	Integration of assets:  0.009 ms
	Thread Wait Time:       0.090 ms
	Total Operation Time:   42.358 ms
Loading fonts before game init...
UnityEngine.Debug:ExtractStackTraceNoAlloc (byte*,int,string)
UnityEngine.StackTraceUtility:ExtractStackTrace ()
UnityEngine.DebugLogHandler:Internal_Log (UnityEngine.LogType,UnityEngine.LogOption,string,UnityEngine.Object)
UnityEngine.DebugLogHandler:LogFormat (UnityEngine.LogType,UnityEngine.Object,string,object[])
UnityEngine.Logger:Log (UnityEngine.LogType,object)
UnityEngine.Debug:Log (object)
Main:Start () (at Assets/Scripts/Main.cs:117)

(Filename: Assets/Scripts/Main.cs Line: 117)

[FPS] High mode ON → 144Hz (screen 144)
UnityEngine.Debug:ExtractStackTraceNoAlloc (byte*,int,string)
UnityEngine.StackTraceUtility:ExtractStackTrace ()
UnityEngine.DebugLogHandler:Internal_Log (UnityEngine.LogType,UnityEngine.LogOption,string,UnityEngine.Object)
UnityEngine.DebugLogHandler:LogFormat (UnityEngine.LogType,UnityEngine.Object,string,object[])
UnityEngine.Logger:Log (UnityEngine.LogType,object)
UnityEngine.Debug:Log (object)
ModFunc:ChangeFPSTarget () (at Assets/Scripts/ModFunc.cs:2482)
ModFunc:LoadGame () (at Assets/Scripts/ModFunc.cs:580)
Main:Start () (at Assets/Scripts/Main.cs:137)

(Filename: Assets/Scripts/ModFunc.cs Line: 2482)

[Licensing::Client] Successfully resolved entitlement details
Unloading 49 Unused Serialized files (Serialized files now loaded: 0)
Unloading 446 unused Assets / (12.0 MB). Loaded Objects now: 3239.
Memory consumption went from 428.6 MB to 416.6 MB.
Total: 13.792000 ms (FindLiveObjects: 0.461800 ms CreateObjectMapping: 0.232900 ms MarkObjects: 11.990200 ms  DeleteObjects: 1.105700 ms)

Unloading 0 Unused Serialized files (Serialized files now loaded: 0)
Unloading 5 unused Assets / (Unknown). Loaded Objects now: 3244.
Memory consumption went from 405.9 MB to 405.9 MB.
Total: 11.706300 ms (FindLiveObjects: 0.391300 ms CreateObjectMapping: 0.180100 ms MarkObjects: 11.042900 ms  DeleteObjects: 0.089600 ms)

Unloading 0 Unused Serialized files (Serialized files now loaded: 0)
Unloading 0 unused Assets / (87 B). Loaded Objects now: 3244.
Memory consumption went from 406.0 MB to 406.0 MB.
Total: 13.216000 ms (FindLiveObjects: 0.726100 ms CreateObjectMapping: 0.228000 ms MarkObjects: 12.251000 ms  DeleteObjects: 0.009700 ms)

Unloading 0 Unused Serialized files (Serialized files now loaded: 0)
Unloading 225 unused Assets / (3.2 KB). Loaded Objects now: 3315.
Memory consumption went from 411.9 MB to 411.9 MB.
Total: 14.140300 ms (FindLiveObjects: 0.455700 ms CreateObjectMapping: 0.222700 ms MarkObjects: 12.763300 ms  DeleteObjects: 0.697300 ms)

Unloading 10 Unused Serialized files (Serialized files now loaded: 0)
Unloading 11 unused Assets / (Unknown). Loaded Objects now: 3328.
Memory consumption went from 409.4 MB to 409.4 MB.
Total: 18.655900 ms (FindLiveObjects: 0.806200 ms CreateObjectMapping: 0.380300 ms MarkObjects: 17.325200 ms  DeleteObjects: 0.142500 ms)

Unloading 0 Unused Serialized files (Serialized files now loaded: 0)
Unloading 0 unused Assets / (0 B). Loaded Objects now: 3331.
Memory consumption went from 409.4 MB to 409.4 MB.
Total: 12.122900 ms (FindLiveObjects: 0.404200 ms CreateObjectMapping: 0.191600 ms MarkObjects: 11.503500 ms  DeleteObjects: 0.021500 ms)

Unloading 0 Unused Serialized files (Serialized files now loaded: 0)
Unloading 234 unused Assets / (Unknown). Loaded Objects now: 3422.
Memory consumption went from 417.3 MB to 417.4 MB.
Total: 13.315200 ms (FindLiveObjects: 0.442600 ms CreateObjectMapping: 0.220300 ms MarkObjects: 12.042000 ms  DeleteObjects: 0.609100 ms)

Unloading 0 Unused Serialized files (Serialized files now loaded: 0)
Unloading 30 unused Assets / (0.6 MB). Loaded Objects now: 3434.
Memory consumption went from 418.8 MB to 418.1 MB.
Total: 13.555900 ms (FindLiveObjects: 0.424400 ms CreateObjectMapping: 0.202600 ms MarkObjects: 12.664000 ms  DeleteObjects: 0.263400 ms)

Unloading 0 Unused Serialized files (Serialized files now loaded: 0)
Unloading 22 unused Assets / (Unknown). Loaded Objects now: 3441.
Memory consumption went from 418.6 MB to 418.6 MB.
Total: 13.923600 ms (FindLiveObjects: 0.449400 ms CreateObjectMapping: 0.301300 ms MarkObjects: 13.054600 ms  DeleteObjects: 0.116900 ms)

Unloading 0 Unused Serialized files (Serialized files now loaded: 0)
Unloading 0 unused Assets / (87 B). Loaded Objects now: 3441.
Memory consumption went from 418.6 MB to 418.6 MB.
Total: 13.225000 ms (FindLiveObjects: 0.462500 ms CreateObjectMapping: 0.201900 ms MarkObjects: 12.537700 ms  DeleteObjects: 0.021500 ms)

Unloading 0 Unused Serialized files (Serialized files now loaded: 0)
Unloading 0 unused Assets / (87 B). Loaded Objects now: 3441.
Memory consumption went from 418.7 MB to 418.7 MB.
Total: 13.993700 ms (FindLiveObjects: 0.420100 ms CreateObjectMapping: 0.203700 ms MarkObjects: 13.357400 ms  DeleteObjects: 0.011000 ms)

Unloading 0 Unused Serialized files (Serialized files now loaded: 0)
Unloading 29 unused Assets / (Unknown). Loaded Objects now: 3453.
Memory consumption went from 419.9 MB to 419.9 MB.
Total: 12.914300 ms (FindLiveObjects: 0.447100 ms CreateObjectMapping: 0.203700 ms MarkObjects: 12.082700 ms  DeleteObjects: 0.179200 ms)

Unloading 0 Unused Serialized files (Serialized files now loaded: 0)
Unloading 0 unused Assets / (87 B). Loaded Objects now: 3453.
Memory consumption went from 419.9 MB to 419.9 MB.
Total: 12.109800 ms (FindLiveObjects: 0.435200 ms CreateObjectMapping: 0.211400 ms MarkObjects: 11.453400 ms  DeleteObjects: 0.008800 ms)

Unloading 0 Unused Serialized files (Serialized files now loaded: 0)
Unloading 0 unused Assets / (87 B). Loaded Objects now: 3453.
Memory consumption went from 419.9 MB to 419.9 MB.
Total: 14.206400 ms (FindLiveObjects: 0.472200 ms CreateObjectMapping: 0.235000 ms MarkObjects: 13.473200 ms  DeleteObjects: 0.024300 ms)

Unloading 0 Unused Serialized files (Serialized files now loaded: 0)
Unloading 0 unused Assets / (277.6 KB). Loaded Objects now: 3455.
Memory consumption went from 420.2 MB to 419.9 MB.
Total: 12.263900 ms (FindLiveObjects: 0.441500 ms CreateObjectMapping: 0.201700 ms MarkObjects: 11.543600 ms  DeleteObjects: 0.075600 ms)

Unloading 0 Unused Serialized files (Serialized files now loaded: 0)
Unloading 0 unused Assets / (87 B). Loaded Objects now: 3455.
Memory consumption went from 419.9 MB to 419.9 MB.
Total: 16.638700 ms (FindLiveObjects: 0.559300 ms CreateObjectMapping: 0.263500 ms MarkObjects: 15.803300 ms  DeleteObjects: 0.011700 ms)

Unloading 0 Unused Serialized files (Serialized files now loaded: 0)
Unloading 0 unused Assets / (87 B). Loaded Objects now: 3455.
Memory consumption went from 419.9 MB to 419.9 MB.
Total: 12.630000 ms (FindLiveObjects: 0.466000 ms CreateObjectMapping: 0.208300 ms MarkObjects: 11.930100 ms  DeleteObjects: 0.022900 ms)

Unloading 2 Unused Serialized files (Serialized files now loaded: 0)
Unloading 23 unused Assets / (135.0 KB). Loaded Objects now: 3466.
Memory consumption went from 423.2 MB to 423.1 MB.
Total: 12.692300 ms (FindLiveObjects: 0.476300 ms CreateObjectMapping: 0.271700 ms MarkObjects: 11.775300 ms  DeleteObjects: 0.167500 ms)

Unloading 0 Unused Serialized files (Serialized files now loaded: 0)
Unloading 31 unused Assets / (Unknown). Loaded Objects now: 3462.
Memory consumption went from 423.1 MB to 423.1 MB.
Total: 13.037400 ms (FindLiveObjects: 0.794200 ms CreateObjectMapping: 0.269200 ms MarkObjects: 11.822800 ms  DeleteObjects: 0.137700 ms)

Unloading 0 Unused Serialized files (Serialized files now loaded: 0)
Unloading 9 unused Assets / (Unknown). Loaded Objects now: 3462.
Memory consumption went from 421.6 MB to 421.6 MB.
Total: 12.597700 ms (FindLiveObjects: 0.433700 ms CreateObjectMapping: 0.195600 ms MarkObjects: 11.830800 ms  DeleteObjects: 0.136000 ms)

Unloading 0 Unused Serialized files (Serialized files now loaded: 0)
Unloading 0 unused Assets / (0 B). Loaded Objects now: 3462.
Memory consumption went from 421.6 MB to 421.6 MB.
Total: 11.899600 ms (FindLiveObjects: 0.463400 ms CreateObjectMapping: 0.194200 ms MarkObjects: 11.218000 ms  DeleteObjects: 0.022000 ms)

Unloading 0 Unused Serialized files (Serialized files now loaded: 0)
Unloading 8 unused Assets / (Unknown). Loaded Objects now: 3470.
Memory consumption went from 423.3 MB to 423.3 MB.
Total: 14.568100 ms (FindLiveObjects: 0.479400 ms CreateObjectMapping: 0.199400 ms MarkObjects: 13.796300 ms  DeleteObjects: 0.091900 ms)

Unloading 0 Unused Serialized files (Serialized files now loaded: 0)
Unloading 0 unused Assets / (0.6 MB). Loaded Objects now: 3470.
Memory consumption went from 423.9 MB to 423.3 MB.
Total: 13.267100 ms (FindLiveObjects: 0.528400 ms CreateObjectMapping: 0.285100 ms MarkObjects: 12.313800 ms  DeleteObjects: 0.138400 ms)

Unloading 0 Unused Serialized files (Serialized files now loaded: 0)
Unloading 33 unused Assets / (Unknown). Loaded Objects now: 3481.
Memory consumption went from 423.5 MB to 423.5 MB.
Total: 14.206400 ms (FindLiveObjects: 0.481100 ms CreateObjectMapping: 0.217200 ms MarkObjects: 13.362500 ms  DeleteObjects: 0.144200 ms)

Unloading 2 Unused Serialized files (Serialized files now loaded: 0)
Unloading 68 unused Assets / (477.9 KB). Loaded Objects now: 3506.
Memory consumption went from 426.6 MB to 426.1 MB.
Total: 14.575500 ms (FindLiveObjects: 0.586500 ms CreateObjectMapping: 0.244700 ms MarkObjects: 13.415700 ms  DeleteObjects: 0.327200 ms)

Unloading 0 Unused Serialized files (Serialized files now loaded: 0)
Unloading 0 unused Assets / (87 B). Loaded Objects now: 3506.
Memory consumption went from 425.2 MB to 425.2 MB.
Total: 12.591900 ms (FindLiveObjects: 0.430700 ms CreateObjectMapping: 0.215000 ms MarkObjects: 11.935500 ms  DeleteObjects: 0.009700 ms)

Unloading 0 Unused Serialized files (Serialized files now loaded: 0)
Unloading 0 unused Assets / (87 B). Loaded Objects now: 3506.
Memory consumption went from 425.2 MB to 425.2 MB.
Total: 12.426000 ms (FindLiveObjects: 0.545000 ms CreateObjectMapping: 0.204700 ms MarkObjects: 11.663000 ms  DeleteObjects: 0.010400 ms)

Unloading 0 Unused Serialized files (Serialized files now loaded: 0)
Unloading 3 unused Assets / (449.9 KB). Loaded Objects now: 3507.
Memory consumption went from 425.9 MB to 425.5 MB.
Total: 12.700000 ms (FindLiveObjects: 0.421300 ms CreateObjectMapping: 0.209200 ms MarkObjects: 11.861300 ms  DeleteObjects: 0.205400 ms)

Unloading 0 Unused Serialized files (Serialized files now loaded: 0)
Unloading 40 unused Assets / (Unknown). Loaded Objects now: 3507.
Memory consumption went from 425.6 MB to 425.6 MB.
Total: 14.179700 ms (FindLiveObjects: 0.410700 ms CreateObjectMapping: 0.207600 ms MarkObjects: 13.318200 ms  DeleteObjects: 0.241900 ms)

Unloading 0 Unused Serialized files (Serialized files now loaded: 0)
Unloading 0 unused Assets / (0 B). Loaded Objects now: 3507.
Memory consumption went from 424.1 MB to 424.1 MB.
Total: 13.290900 ms (FindLiveObjects: 0.485800 ms CreateObjectMapping: 0.222800 ms MarkObjects: 12.558400 ms  DeleteObjects: 0.022200 ms)

Unloading 0 Unused Serialized files (Serialized files now loaded: 0)
Unloading 0 unused Assets / (0 B). Loaded Objects now: 3507.
Memory consumption went from 424.2 MB to 424.2 MB.
Total: 14.404500 ms (FindLiveObjects: 0.552700 ms CreateObjectMapping: 0.301200 ms MarkObjects: 13.526000 ms  DeleteObjects: 0.023400 ms)

APP QUIT
UnityEngine.Debug:ExtractStackTraceNoAlloc (byte*,int,string)
UnityEngine.StackTraceUtility:ExtractStackTrace ()
UnityEngine.DebugLogHandler:Internal_Log (UnityEngine.LogType,UnityEngine.LogOption,string,UnityEngine.Object)
UnityEngine.DebugLogHandler:LogFormat (UnityEngine.LogType,UnityEngine.Object,string,object[])
UnityEngine.Logger:Log (UnityEngine.LogType,object)
UnityEngine.Debug:LogWarning (object)
Main:OnApplicationQuit () (at Assets/Scripts/Main.cs:410)

(Filename: Assets/Scripts/Main.cs Line: 410)

  at System.ComponentModel.Win32Exception..ctor (System.Int32 error) [0x00000] in <bfd1a5b35aa0404ba84824656b7b767f>:0 
  at System.Net.Sockets.SocketException..ctor (System.Int32 errorCode) [0x00000] in <bfd1a5b35aa0404ba84824656b7b767f>:0 
  at System.Net.Sockets.NetworkStream.Read (System.Span`1[T] destination) [0x00042] in <bfd1a5b35aa0404ba84824656b7b767f>:0 
  at System.Net.Sockets.NetworkStream.ReadByte () [0x0000a] in <bfd1a5b35aa0404ba84824656b7b767f>:0 
  at System.IO.BinaryReader.FillBuffer (System.Int32 numBytes) [0x00041] in <816f70bc2a9c4332b0bd119906a8d40e>:0 
  at System.IO.BinaryReader.ReadSByte () [0x00000] in <816f70bc2a9c4332b0bd119906a8d40e>:0 
  at Session_ME+MessageCollector.readMessage () [0x00000] in C:\Users\Admin\Downloads\PRJ 3in1 Goc\PRJ 3in1 Goc\Assets\Scripts\Session_ME.cs:180 
UnityEngine.Debug:ExtractStackTraceNoAlloc (byte*,int,string)
UnityEngine.StackTraceUtility:ExtractStackTrace ()
UnityEngine.DebugLogHandler:Internal_Log (UnityEngine.LogType,UnityEngine.LogOption,string,UnityEngine.Object)
UnityEngine.DebugLogHandler:LogFormat (UnityEngine.LogType,UnityEngine.Object,string,object[])
UnityEngine.Logger:Log (UnityEngine.LogType,object)
UnityEngine.Debug:Log (object)
Session_ME/MessageCollector:readMessage () (at Assets/Scripts/Session_ME.cs:218)
Session_ME/MessageCollector:run () (at Assets/Scripts/Session_ME.cs:69)
System.Threading.ThreadHelper:ThreadStart_Context (object)
System.Threading.ExecutionContext:RunInternal (System.Threading.ExecutionContext,System.Threading.ContextCallback,object,bool)
System.Threading.ExecutionContext:Run (System.Threading.ExecutionContext,System.Threading.ContextCallback,object,bool)
System.Threading.ExecutionContext:Run (System.Threading.ExecutionContext,System.Threading.ContextCallback,object)
System.Threading.ThreadHelper:ThreadStart ()

(Filename: Assets/Scripts/Session_ME.cs Line: 218)

Unloading 0 Unused Serialized files (Serialized files now loaded: 0)
Loaded scene 'Temp/__Backupscenes/0.backup'
	Deserialize:            0.713 ms
	Integration:            11.769 ms
	Integration of assets:  0.002 ms
	Thread Wait Time:       0.034 ms
	Total Operation Time:   12.519 ms
Unloading 0 unused Assets / (362.2 KB). Loaded Objects now: 3154.
Memory consumption went from 397.4 MB to 397.0 MB.
Total: 12.476000 ms (FindLiveObjects: 0.392100 ms CreateObjectMapping: 0.161800 ms MarkObjects: 11.808600 ms  DeleteObjects: 0.112500 ms)

[Licensing::Client] Successfully resolved entitlement details
[Licensing::Client] Successfully resolved entitlement details
Asset Pipeline Refresh (id=de1b4671731504745bb2bcb794769bb4): Total: 0.020 seconds - Initiated by RefreshV2(AllowForceSynchronousImport)
🔄 Setting default orientation to Landscape (Android & iOS)
UnityEngine.Debug:ExtractStackTraceNoAlloc (byte*,int,string)
UnityEngine.StackTraceUtility:ExtractStackTrace ()
UnityEngine.DebugLogHandler:Internal_Log (UnityEngine.LogType,UnityEngine.LogOption,string,UnityEngine.Object)
UnityEngine.DebugLogHandler:LogFormat (UnityEngine.LogType,UnityEngine.Object,string,object[])
UnityEngine.Logger:Log (UnityEngine.LogType,object)
UnityEngine.Debug:Log (object)
AutoSetOrientation:SetOrientationSettings () (at Assets/Editor/AutoSetOrientation.cs:35)
AutoSetOrientation:OnPreprocessBuild (UnityEditor.Build.Reporting.BuildReport) (at Assets/Editor/AutoSetOrientation.cs:18)
UnityEditor.Build.BuildPipelineInterfaces/<>c__DisplayClass17_0:<OnBuildPreProcess>b__1 (UnityEditor.Build.IPreprocessBuildWithReport)
UnityEditor.Build.BuildPipelineInterfaces:InvokeCallbackInterfacesPair<UnityEditor.Build.IPreprocessBuild, UnityEditor.Build.IPreprocessBuildWithReport> (System.Collections.Generic.List`1<UnityEditor.Build.IPreprocessBuild>,System.Action`1<UnityEditor.Build.IPreprocessBuild>,System.Collections.Generic.List`1<UnityEditor.Build.IPreprocessBuildWithReport>,System.Action`1<UnityEditor.Build.IPreprocessBuildWithReport>,bool)
UnityEditor.Build.BuildPipelineInterfaces:OnBuildPreProcess (UnityEditor.Build.Reporting.BuildReport)
UnityEditor.BuildPipeline:BuildPlayerInternal (string[],string,string,UnityEditor.BuildTargetGroup,UnityEditor.BuildTarget,int,UnityEditor.BuildOptions,string[],string[],bool)
UnityEditor.BuildPipeline:BuildPlayerFromUI (UnityEditor.BuildPlayerOptions,bool)
UnityEditor.BuildPlayerWindow/DefaultBuildMethods:BuildPlayer (UnityEditor.BuildPlayerOptions)
UnityEditor.BuildPlayerWindow:CallBuildMethods (bool,UnityEditor.BuildOptions)
UnityEditor.Build.Profile.BuildProfileModuleUtil:CallInternalBuildMethods (bool,UnityEditor.BuildOptions)
UnityEditor.Build.Profile.BuildProfileWindow/<>c__DisplayClass55_0:<OnBuildButtonClicked>b__0 ()
UnityEditor.EditorApplication:Internal_CallDelayFunctions ()

(Filename: Assets/Editor/AutoSetOrientation.cs Line: 35)

[OPS.OBF] Prepare obfuscation...
UnityEngine.Debug:ExtractStackTraceNoAlloc (byte*,int,string)
UnityEngine.StackTraceUtility:ExtractStackTrace ()
UnityEngine.DebugLogHandler:Internal_Log (UnityEngine.LogType,UnityEngine.LogOption,string,UnityEngine.Object)
UnityEngine.DebugLogHandler:LogFormat (UnityEngine.LogType,UnityEngine.Object,string,object[])
UnityEngine.Logger:Log (UnityEngine.LogType,object)
UnityEngine.Debug:Log (object)
OPS.Obfuscator.Editor.Obfuscator:PreBuild (OPS.Obfuscator.Editor.Settings.Unity.Editor.EditorSettings,OPS.Obfuscator.Editor.Settings.Unity.Build.BuildSettings)
OPS.Obfuscator.BuildPostProcessor:OnPreprocessBuild (UnityEditor.Build.Reporting.BuildReport) (at Assets/OPS/Obfuscator/Editor/BuildPostProcessor.cs:61)
UnityEditor.Build.BuildPipelineInterfaces/<>c__DisplayClass17_0:<OnBuildPreProcess>b__1 (UnityEditor.Build.IPreprocessBuildWithReport)
UnityEditor.Build.BuildPipelineInterfaces:InvokeCallbackInterfacesPair<UnityEditor.Build.IPreprocessBuild, UnityEditor.Build.IPreprocessBuildWithReport> (System.Collections.Generic.List`1<UnityEditor.Build.IPreprocessBuild>,System.Action`1<UnityEditor.Build.IPreprocessBuild>,System.Collections.Generic.List`1<UnityEditor.Build.IPreprocessBuildWithReport>,System.Action`1<UnityEditor.Build.IPreprocessBuildWithReport>,bool)
UnityEditor.Build.BuildPipelineInterfaces:OnBuildPreProcess (UnityEditor.Build.Reporting.BuildReport)
UnityEditor.BuildPipeline:BuildPlayerInternal (string[],string,string,UnityEditor.BuildTargetGroup,UnityEditor.BuildTarget,int,UnityEditor.BuildOptions,string[],string[],bool)
UnityEditor.BuildPipeline:BuildPlayerFromUI (UnityEditor.BuildPlayerOptions,bool)
UnityEditor.BuildPlayerWindow/DefaultBuildMethods:BuildPlayer (UnityEditor.BuildPlayerOptions)
UnityEditor.BuildPlayerWindow:CallBuildMethods (bool,UnityEditor.BuildOptions)
UnityEditor.Build.Profile.BuildProfileModuleUtil:CallInternalBuildMethods (bool,UnityEditor.BuildOptions)
UnityEditor.Build.Profile.BuildProfileWindow/<>c__DisplayClass55_0:<OnBuildButtonClicked>b__0 ()
UnityEditor.EditorApplication:Internal_CallDelayFunctions ()

(Filename: Assets/OPS/Obfuscator/Editor/BuildPostProcessor.cs Line: 61)

Asset Pipeline Refresh (id=6d4ddda1c862a7c4a98bb9ea79231924): Total: 0.004 seconds - Initiated by StopAssetImportingV2(NoUpdateAssetOptions)
Asset Pipeline Refresh (id=b41ac8d9863e53e4aa23c967750a64c4): Total: 0.001 seconds - Initiated by StopAssetImportingV2(NoUpdateAssetOptions)
Unloading 0 Unused Serialized files (Serialized files now loaded: 0)
info: Microsoft.AspNetCore.Hosting.Diagnostics[1]
      Request starting HTTP/2 POST http://ilpp/UnityILPP.PostProcessing/Ping - application/grpc -
info: Microsoft.AspNetCore.Routing.EndpointMiddleware[0]
      Executing endpoint 'gRPC - /UnityILPP.PostProcessing/Ping'
info: Microsoft.AspNetCore.Routing.EndpointMiddleware[1]
      Executed endpoint 'gRPC - /UnityILPP.PostProcessing/Ping'
info: Microsoft.AspNetCore.Hosting.Diagnostics[2]
      Request finished HTTP/2 POST http://ilpp/UnityILPP.PostProcessing/Ping - 200 - application/grpc 1.2418ms
Starting: C:\Program Files\Unity\Hub\Editor\6000.5.8f1\Editor\Data\Tools\BuildPipeline\bee_backend.exe --ipc --defer-dag-verification --dagfile="Library/Bee/1900b0aESkipCompile.dag" --continue-on-failure --profile="Library/Bee/backend1.traceevents" ScriptAssembliesAndTypeDB
WorkingDir: C:/Users/Admin/Downloads/PRJ 3in1 Goc/PRJ 3in1 Goc
ExitCode: 0 Duration: 0s924ms
[2/3        0s] BuildPlayerDataGenerator Library/BuildPlayerData/Editor/TypeDb-All.json
*** Tundra build success (0.88 seconds), 1 items updated, 3 evaluated
Total cache size 11730608
Total cache size after purge 11730608, took 00:00:00.0227792
Importing 'GUID: 6077c9a6298fd04438204c4614fec03e - Path: Assets/OPS/Obfuscator/Log/StandaloneWindows64.txt' with importer (TextScriptImporter)
Imported 'GUID: 6077c9a6298fd04438204c4614fec03e' -> (Import Result ID: 'e5afd9548ceca096240f5b9b586b1845') in 0.012 seconds [static dependencies only]. Details - ImportResultOutputID=fcfc4b01b1acd3c7dc4db7cc2d8acc9d DependenciesID=525c55bd318a93765ef7b3f009dd8914 StaticDependenciesID=724562690b2792a0331bcec10bc6d7b0 
Asset Pipeline Refresh (id=3539ac4004c8581498ea4a55f5f0debb): Total: 0.077 seconds - Initiated by RefreshV2(NoUpdateAssetOptions)
[ScriptCompilation] Requested script compilation because: Recompiling scripts for player build.
BuildPlayer: start building target 19
info: Microsoft.AspNetCore.Hosting.Diagnostics[1]
      Request starting HTTP/2 POST http://ilpp/UnityILPP.PostProcessing/Ping - application/grpc -
info: Microsoft.AspNetCore.Routing.EndpointMiddleware[0]
      Executing endpoint 'gRPC - /UnityILPP.PostProcessing/Ping'
info: Microsoft.AspNetCore.Routing.EndpointMiddleware[1]
      Executed endpoint 'gRPC - /UnityILPP.PostProcessing/Ping'
info: Microsoft.AspNetCore.Hosting.Diagnostics[2]
      Request finished HTTP/2 POST http://ilpp/UnityILPP.PostProcessing/Ping - 200 - application/grpc 0.3485ms
Starting: C:\Program Files\Unity\Hub\Editor\6000.5.8f1\Editor\Data\Tools\BuildPipeline\bee_backend.exe --ipc --defer-dag-verification --dagfile="Library/Bee/1900b0aP.dag" --continue-on-failure --profile="Library/Bee/backend1.traceevents" ScriptAssembliesAndTypeDB
WorkingDir: C:/Users/Admin/Downloads/PRJ 3in1 Goc/PRJ 3in1 Goc
ExitCode: 0 Duration: 7s25ms
[122/137    0s] CopyFiles Library/Bee/PlayerScriptAssemblies/Unity.Multiplayer.Center.Common.pdb
[123/137    0s] CopyFiles Library/Bee/PlayerScriptAssemblies/Unity.InternalAPIEngineBridge.004.pdb
[124/137    0s] CopyFiles Library/Bee/PlayerScriptAssemblies/Unity.InternalAPIEngineBridge.004.dll
[125/137    0s] CopyFiles Library/Bee/PlayerScriptAssemblies/OPS.Obfuscator.dll
[126/137    0s] CopyFiles Library/Bee/PlayerScriptAssemblies/Unity.Multiplayer.Center.Common.dll
[127/137    0s] CopyFiles Library/Bee/PlayerScriptAssemblies/UnityEngine.UI.dll
[128/137    0s] CopyFiles Library/Bee/PlayerScriptAssemblies/OPS.Obfuscator.pdb
[129/137    0s] CopyFiles Library/Bee/PlayerScriptAssemblies/Unity.TextMeshPro.dll
[130/137    0s] CopyFiles Library/Bee/PlayerScriptAssemblies/UnityEngine.UI.pdb
[131/137    0s] CopyFiles Library/Bee/PlayerScriptAssemblies/Unity.TextMeshPro.pdb
[BUSY       6s] Csc Library/Bee/artifacts/1900b0aP.dag/Assembly-CSharp.dll (+2 others)
[132/137    6s] Csc Library/Bee/artifacts/1900b0aP.dag/Assembly-CSharp.dll (+2 others)
Assets\Scripts\Controller.cs(8,14): warning CS0618: 'UxmlAttributeDescription' is obsolete: 'UxmlTraits system is deprecated and will be removed. Use UxmlElementAttribute instead.'

Assets\Scripts\Controller.cs(100,30): warning CS0168: The variable 'ex' is declared but never used

Assets\Scripts\Controller.cs(104,26): warning CS0168: The variable 'ex2' is declared but never used

Assets\Scripts\Session_ME.cs(325,21): warning CS1998: This async method lacks 'await' operators and will run synchronously. Consider using the 'await' operator to await non-blocking API calls, or 'await Task.Run(...)' to do CPU-bound work on a background thread.

Assets\Scripts\Char.cs(6955,9): warning CS0472: The result of the expression is always 'true' since a value of type 'int' is never equal to 'null' of type 'int?'

Assets\Scripts\ipKeyboard.cs(28,22): warning CS0618: 'TouchScreenKeyboard.done' is obsolete: 'Property done is deprecated, use status instead'

Assets\Scripts\ModFunc.cs(2458,18): warning CS0618: 'Resolution.refreshRate' is obsolete: 'Resolution.refreshRate is obsolete. Use refreshRateRatio instead.'

Assets\Scripts\myReader.cs(106,4): warning CS0675: Bitwise-or operator used on a sign-extended operand; consider casting to a smaller unsigned type first

Assets\Scripts\Controller.cs(4336,42): warning CS0168: The variable 'ex28' is declared but never used

Assets\Scripts\Controller.cs(4562,26): warning CS0168: The variable 'ex40' is declared but never used

Assets\Scripts\Panel.cs(504,14): warning CS0414: The field 'Panel.keyTouchLock' is assigned but its value is never used

Assets\Scripts\QuaNapTuan.cs(25,30): warning CS0414: The field 'QuaNapTuan.GRID_COLUMNS' is assigned but its value is never used

Assets\Scripts\ChatTextField.cs(29,15): warning CS0414: The field 'ChatTextField.isPublic' is assigned but its value is never used

Assets\Scripts\QuayTamBao.cs(21,30): warning CS0414: The field 'QuayTamBao.BOX_INFO_HEIGHT' is assigned but its value is never used

Assets\Scripts\QuayTamBao.cs(9,30): warning CS0414: The field 'QuayTamBao.ITEM_THUONG_END' is assigned but its value is never used

Assets\Scripts\TabClanIcon.cs(41,15): warning CS0414: The field 'TabClanIcon.isUpdate' is assigned but its value is never used

Assets\Scripts\QuaNapTuan.cs(23,30): warning CS0414: The field 'QuaNapTuan.ITEM_SPACING' is assigned but its value is never used

Assets\Scripts\QuaNapTuan.cs(21,30): warning CS0414: The field 'QuaNapTuan.ITEM_BOX_SIZE' is assigned but its value is never used

Assets\Scripts\NewBoss.cs(25,15): warning CS0414: The field 'NewBoss.flyUp' is assigned but its value is never used

Assets\Scripts\FireWorkEff.cs(29,21): warning CS0414: The field 'FireWorkEff.ymax' is assigned but its value is never used

Assets\Scripts\QuayTamBao.cs(7,30): warning CS0414: The field 'QuayTamBao.ITEM_THUONG_START' is assigned but its value is never used

Assets\Scripts\Mob.cs(206,14): warning CS0414: The field 'Mob.color' is assigned but its value is never used

Assets\Scripts\Char.cs(841,15): warning CS0414: The field 'Char.isSoundJump' is assigned but its value is never used

Assets\Scripts\SoundMn.cs(14,21): warning CS0414: The field 'SoundMn.MAX_VOLUME' is assigned but its value is never used

Assets\Scripts\GameCanvas.cs(303,14): warning CS0414: The field 'GameCanvas.count' is assigned but its value is never used

Assets\Scripts\Menu.cs(61,15): warning CS0414: The field 'Menu.wantUpdateList' is assigned but its value is never used

Assets\Scripts\Char.cs(731,14): warning CS0414: The field 'Char.indexUseSkill' is assigned but its value is never used

Assets\Scripts\Panel.cs(580,15): warning CS0414: The field 'Panel.isUp' is assigned but its value is never used

Assets\Scripts\GameCanvas.cs(185,22): warning CS0414: The field 'GameCanvas.isShowErrorForm' is assigned but its value is never used

Assets\Scripts\QuayTamBao.cs(11,30): warning CS0414: The field 'QuayTamBao.TOTAL_RATE' is assigned but its value is never used

Assets\Scripts\Panel.cs(498,15): warning CS0414: The field 'Panel.wantUpdateList' is assigned but its value is never used

Assets\Scripts\Char.cs(967,14): warning CS0414: The field 'Char.per' is assigned but its value is never used

Assets\Scripts\FireWorkEff.cs(13,21): warning CS0414: The field 'FireWorkEff.f' is assigned but its value is never used

Assets\Scripts\QuayTamBao.cs(19,30): warning CS0414: The field 'QuayTamBao.BOX_INFO_WIDTH' is assigned but its value is never used

Assets\Scripts\GameScr.cs(737,14): warning CS0414: The field 'GameScr.maxSizeRow' is assigned but its value is never used

Assets\Scripts\Panel.cs(506,14): warning CS0414: The field 'Panel.keyToundGD' is assigned but its value is never used

Assets\Scripts\GameScr.cs(735,14): warning CS0414: The field 'GameScr.Hitem' is assigned but its value is never used

Assets\Scripts\MotherCanvas.cs(9,14): warning CS0414: The field 'MotherCanvas.OUTPUTSIZE' is assigned but its value is never used

Assets\Scripts\ModFunc.cs(75,22): warning CS0414: The field 'ModFunc.lastTimeLog' is assigned but its value is never used

Assets\Scripts\Char.cs(969,14): warning CS0414: The field 'Char.per_tem' is assigned but its value is never used
[133/137    0s] CopyFiles Library/Bee/PlayerScriptAssemblies/Assembly-CSharp.pdb
[134/137    0s] CopyFiles Library/Bee/PlayerScriptAssemblies/Assembly-CSharp.dll
[136/137    0s] BuildPlayerDataGenerator Library/BuildPlayerData/Player/RuntimeInitializeOnLoads.json (+1 other)
*** Tundra build success (7.00 seconds), 14 items updated, 137 evaluated
Assets\Scripts\Controller.cs(8,14): warning CS0618: 'UxmlAttributeDescription' is obsolete: 'UxmlTraits system is deprecated and will be removed. Use UxmlElementAttribute instead.'
Assets\Scripts\Controller.cs(100,30): warning CS0168: The variable 'ex' is declared but never used
Assets\Scripts\Controller.cs(104,26): warning CS0168: The variable 'ex2' is declared but never used
Assets\Scripts\Session_ME.cs(325,21): warning CS1998: This async method lacks 'await' operators and will run synchronously. Consider using the 'await' operator to await non-blocking API calls, or 'await Task.Run(...)' to do CPU-bound work on a background thread.
Assets\Scripts\Char.cs(6955,9): warning CS0472: The result of the expression is always 'true' since a value of type 'int' is never equal to 'null' of type 'int?'
Assets\Scripts\ipKeyboard.cs(28,22): warning CS0618: 'TouchScreenKeyboard.done' is obsolete: 'Property done is deprecated, use status instead'
Assets\Scripts\ModFunc.cs(2458,18): warning CS0618: 'Resolution.refreshRate' is obsolete: 'Resolution.refreshRate is obsolete. Use refreshRateRatio instead.'
Assets\Scripts\myReader.cs(106,4): warning CS0675: Bitwise-or operator used on a sign-extended operand; consider casting to a smaller unsigned type first
Assets\Scripts\Controller.cs(4336,42): warning CS0168: The variable 'ex28' is declared but never used
Assets\Scripts\Controller.cs(4562,26): warning CS0168: The variable 'ex40' is declared but never used
Assets\Scripts\Panel.cs(504,14): warning CS0414: The field 'Panel.keyTouchLock' is assigned but its value is never used
Assets\Scripts\QuaNapTuan.cs(25,30): warning CS0414: The field 'QuaNapTuan.GRID_COLUMNS' is assigned but its value is never used
Assets\Scripts\ChatTextField.cs(29,15): warning CS0414: The field 'ChatTextField.isPublic' is assigned but its value is never used
Assets\Scripts\QuayTamBao.cs(21,30): warning CS0414: The field 'QuayTamBao.BOX_INFO_HEIGHT' is assigned but its value is never used
Assets\Scripts\QuayTamBao.cs(9,30): warning CS0414: The field 'QuayTamBao.ITEM_THUONG_END' is assigned but its value is never used
Assets\Scripts\TabClanIcon.cs(41,15): warning CS0414: The field 'TabClanIcon.isUpdate' is assigned but its value is never used
Assets\Scripts\QuaNapTuan.cs(23,30): warning CS0414: The field 'QuaNapTuan.ITEM_SPACING' is assigned but its value is never used
Assets\Scripts\QuaNapTuan.cs(21,30): warning CS0414: The field 'QuaNapTuan.ITEM_BOX_SIZE' is assigned but its value is never used
Assets\Scripts\NewBoss.cs(25,15): warning CS0414: The field 'NewBoss.flyUp' is assigned but its value is never used
Assets\Scripts\FireWorkEff.cs(29,21): warning CS0414: The field 'FireWorkEff.ymax' is assigned but its value is never used
Assets\Scripts\QuayTamBao.cs(7,30): warning CS0414: The field 'QuayTamBao.ITEM_THUONG_START' is assigned but its value is never used
Assets\Scripts\Mob.cs(206,14): warning CS0414: The field 'Mob.color' is assigned but its value is never used
Assets\Scripts\Char.cs(841,15): warning CS0414: The field 'Char.isSoundJump' is assigned but its value is never used
Assets\Scripts\SoundMn.cs(14,21): warning CS0414: The field 'SoundMn.MAX_VOLUME' is assigned but its value is never used
Assets\Scripts\GameCanvas.cs(303,14): warning CS0414: The field 'GameCanvas.count' is assigned but its value is never used
Assets\Scripts\Menu.cs(61,15): warning CS0414: The field 'Menu.wantUpdateList' is assigned but its value is never used
Assets\Scripts\Char.cs(731,14): warning CS0414: The field 'Char.indexUseSkill' is assigned but its value is never used
Assets\Scripts\Panel.cs(580,15): warning CS0414: The field 'Panel.isUp' is assigned but its value is never used
Assets\Scripts\GameCanvas.cs(185,22): warning CS0414: The field 'GameCanvas.isShowErrorForm' is assigned but its value is never used
Assets\Scripts\QuayTamBao.cs(11,30): warning CS0414: The field 'QuayTamBao.TOTAL_RATE' is assigned but its value is never used
Assets\Scripts\Panel.cs(498,15): warning CS0414: The field 'Panel.wantUpdateList' is assigned but its value is never used
Assets\Scripts\Char.cs(967,14): warning CS0414: The field 'Char.per' is assigned but its value is never used
Assets\Scripts\FireWorkEff.cs(13,21): warning CS0414: The field 'FireWorkEff.f' is assigned but its value is never used
Assets\Scripts\QuayTamBao.cs(19,30): warning CS0414: The field 'QuayTamBao.BOX_INFO_WIDTH' is assigned but its value is never used
Assets\Scripts\GameScr.cs(737,14): warning CS0414: The field 'GameScr.maxSizeRow' is assigned but its value is never used
Assets\Scripts\Panel.cs(506,14): warning CS0414: The field 'Panel.keyToundGD' is assigned but its value is never used
Assets\Scripts\GameScr.cs(735,14): warning CS0414: The field 'GameScr.Hitem' is assigned but its value is never used
Assets\Scripts\MotherCanvas.cs(9,14): warning CS0414: The field 'MotherCanvas.OUTPUTSIZE' is assigned but its value is never used
Assets\Scripts\ModFunc.cs(75,22): warning CS0414: The field 'ModFunc.lastTimeLog' is assigned but its value is never used
Assets\Scripts\Char.cs(969,14): warning CS0414: The field 'Char.per_tem' is assigned but its value is never used
Total cache size 11730608
Total cache size after purge 11730608, took 00:00:00.0132867
Not rebuilding Data files -- no changes


Mono dependencies included in the build
Dependency assembly - System.Text.Encodings.Web.dll
Dependency assembly - Microsoft.Build.Framework.dll
Dependency assembly - System.Runtime.Remoting.dll
Dependency assembly - System.Workflow.ComponentModel.dll
Dependency assembly - System.Runtime.Serialization.Formatters.Soap.dll
Dependency assembly - System.Collections.Specialized.dll
Dependency assembly - System.Text.Json.dll
Dependency assembly - System.IO.Compression.ZipFile.dll
Dependency assembly - System.Security.SecureString.dll
Dependency assembly - System.Net.Http.dll
Dependency assembly - System.ObjectModel.dll
Dependency assembly - System.Threading.Overlapped.dll
Dependency assembly - System.Reflection.Emit.dll
Dependency assembly - System.Runtime.InteropServices.RuntimeInformation.dll
Dependency assembly - System.Runtime.Serialization.Xml.dll
Dependency assembly - System.Security.Cryptography.Algorithms.dll
Dependency assembly - System.Security.Cryptography.Encryption.ECDsa.dll
Dependency assembly - Unity.InternalAPIEngineBridge.004.dll
Dependency assembly - System.Data.OracleClient.dll
Dependency assembly - Novell.Directory.Ldap.dll
Dependency assembly - System.ServiceModel.Primitives.dll
Dependency assembly - System.Xml.XPath.XmlDocument.dll
Dependency assembly - System.Collections.Immutable.dll
Dependency assembly - System.ServiceModel.NetTcp.dll
Dependency assembly - System.Data.Services.dll
Dependency assembly - System.Security.Cryptography.Pkcs.dll
Dependency assembly - System.ComponentModel.Composition.dll
Dependency assembly - Microsoft.Win32.Primitives.dll
Dependency assembly - System.Runtime.InteropServices.dll
Dependency assembly - System.Reflection.Extensions.dll
Dependency assembly - System.Threading.AccessControl.dll
Dependency assembly - System.IdentityModel.dll
Dependency assembly - Mono.Messaging.dll
Dependency assembly - System.Threading.Tasks.dll
Dependency assembly - Microsoft.CSharp.dll
Dependency assembly - Mono.Tasklets.dll
Dependency assembly - System.Runtime.Serialization.dll
Dependency assembly - System.Globalization.dll
Dependency assembly - System.ComponentModel.TypeConverter.dll
Dependency assembly - System.Security.Cryptography.RSA.dll
Dependency assembly - System.Diagnostics.Tracing.dll
Dependency assembly - System.Reactive.Providers.dll
Dependency assembly - WindowsBase.dll
Dependency assembly - System.Security.Cryptography.Hashing.dll
Dependency assembly - Assembly-CSharp.dll
Dependency assembly - System.Core.dll
Dependency assembly - System.ServiceModel.Activation.dll
Dependency assembly - System.Reflection.TypeExtensions.dll
Dependency assembly - IBM.Data.DB2.dll
Dependency assembly - System.Security.AccessControl.dll
Dependency assembly - System.Runtime.dll
Dependency assembly - System.ServiceModel.Discovery.dll
Dependency assembly - System.Transactions.dll
Dependency assembly - System.Linq.Expressions.dll
Dependency assembly - Microsoft.Extensions.Logging.Abstractions.dll
Dependency assembly - System.Text.Encoding.Extensions.dll
Dependency assembly - System.Reactive.Windows.Forms.dll
Dependency assembly - Commons.Xml.Relaxng.dll
Dependency assembly - System.Deployment.dll
Dependency assembly - System.ComponentModel.DataAnnotations.dll
Dependency assembly - System.DirectoryServices.dll
Dependency assembly - System.Data.DataSetExtensions.dll
Dependency assembly - System.Net.NetworkInformation.dll
Dependency assembly - System.Xml.XPath.dll
Dependency assembly - System.Security.Principal.Windows.dll
Dependency assembly - System.Management.dll
Dependency assembly - System.Data.SqlClient.dll
Dependency assembly - System.Threading.dll
Dependency assembly - System.Text.Encoding.dll
Dependency assembly - System.Reactive.Runtime.Remoting.dll
Dependency assembly - monodoc.dll
Dependency assembly - System.Security.Cryptography.Encryption.dll
Dependency assembly - System.Xml.XPath.XDocument.dll
Dependency assembly - Microsoft.Win32.Registry.dll
Dependency assembly - System.Design.dll
Dependency assembly - System.Web.WebPages.Razor.dll
Dependency assembly - System.Numerics.dll
Dependency assembly - System.Reactive.Core.dll
Dependency assembly - System.Xml.XmlDocument.dll
Dependency assembly - System.Security.Cryptography.Hashing.Algorithms.dll
Dependency assembly - System.ServiceModel.Web.dll
Dependency assembly - System.Net.NameResolution.dll
Dependency assembly - System.ValueTuple.dll
Dependency assembly - System.Diagnostics.Contracts.dll
Dependency assembly - System.Net.Cache.dll
Dependency assembly - System.Web.Routing.dll
Dependency assembly - Mono.Data.Sqlite.dll
Dependency assembly - System.Text.RegularExpressions.dll
Dependency assembly - System.Workflow.Runtime.dll
Dependency assembly - CustomMarshalers.dll
Dependency assembly - System.Web.Mvc.dll
Dependency assembly - SystemWebTestShim.dll
Dependency assembly - System.Xml.XmlSerializer.dll
Dependency assembly - System.Xml.Serialization.dll
Dependency assembly - System.Web.RegularExpressions.dll
Dependency assembly - System.Net.Primitives.dll
Dependency assembly - System.ServiceModel.dll
Dependency assembly - System.Security.Principal.dll
Dependency assembly - System.Threading.Tasks.Dataflow.dll
Dependency assembly - System.ServiceModel.Internals.dll
Dependency assembly - System.Reflection.Primitives.dll
Dependency assembly - System.Globalization.Calendars.dll
Dependency assembly - System.IO.Compression.dll
Dependency assembly - System.Net.Ping.dll
Dependency assembly - System.Reactive.Windows.Threading.dll
Dependency assembly - System.Threading.Thread.dll
Dependency assembly - WebMatrix.Data.dll
Dependency assembly - Microsoft.Extensions.DependencyInjection.Abstractions.dll
Dependency assembly - OPS.Obfuscator.dll
Dependency assembly - Mono.Parallel.dll
Dependency assembly - System.AppContext.dll
Dependency assembly - Microsoft.Web.Infrastructure.dll
Dependency assembly - System.Threading.Timer.dll
Dependency assembly - System.Web.WebPages.Deployment.dll
Dependency assembly - System.IdentityModel.Selectors.dll
Dependency assembly - System.dll
Dependency assembly - System.Net.Http.WebRequest.dll
Dependency assembly - System.Runtime.Extensions.dll
Dependency assembly - System.Configuration.dll
Dependency assembly - System.ServiceProcess.dll
Dependency assembly - Mono.Btls.Interface.dll
Dependency assembly - System.Security.Cryptography.RandomNumberGenerator.dll
Dependency assembly - System.ServiceModel.Http.dll
Dependency assembly - System.Security.Cryptography.Encryption.Aes.dll
Dependency assembly - System.Net.Http.Rtc.dll
Dependency assembly - System.Web.Abstractions.dll
Dependency assembly - System.Net.dll
Dependency assembly - System.Net.Mail.dll
Dependency assembly - System.Linq.Queryable.dll
Dependency assembly - System.Diagnostics.DiagnosticSource.dll
Dependency assembly - System.Xml.Linq.dll
Dependency assembly - Mono.Simd.dll
Dependency assembly - System.Security.Cryptography.Cng.dll
Dependency assembly - System.Linq.Parallel.dll
Dependency assembly - System.Reflection.dll
Dependency assembly - System.IO.Compression.FileSystem.dll
Dependency assembly - System.Workflow.Activities.dll
Dependency assembly - System.ServiceModel.Duplex.dll
Dependency assembly - System.Messaging.dll
Dependency assembly - System.Runtime.DurableInstancing.dll
Dependency assembly - Microsoft.Build.Tasks.v4.0.dll
Dependency assembly - System.Security.Cryptography.X509Certificates.dll
Dependency assembly - System.Reactive.Experimental.dll
Dependency assembly - System.IO.Pipes.dll
Dependency assembly - System.Numerics.Vectors.dll
Dependency assembly - System.Web.dll
Dependency assembly - System.Dynamic.dll
Dependency assembly - System.Net.WebSockets.dll
Dependency assembly - System.Dynamic.Runtime.dll
Dependency assembly - System.Reflection.Context.dll
Dependency assembly - System.Data.Services.Client.dll
Dependency assembly - System.Reactive.Observable.Aliases.dll
Dependency assembly - System.IO.IsolatedStorage.dll
Dependency assembly - System.Reflection.Emit.Lightweight.dll
Dependency assembly - I18N.CJK.dll
Dependency assembly - I18N.Rare.dll
Dependency assembly - Mono.Messaging.RabbitMQ.dll
Dependency assembly - System.Collections.NonGeneric.dll
Dependency assembly - System.Xaml.dll
Dependency assembly - System.IO.UnmanagedMemoryStream.dll
Dependency assembly - I18N.Other.dll
Dependency assembly - System.Reflection.Metadata.dll
Dependency assembly - Mono.CSharp.dll
Dependency assembly - System.Json.dll
Dependency assembly - System.Resources.Writer.dll
Dependency assembly - System.Diagnostics.Tools.dll
Dependency assembly - Unity.Multiplayer.Center.Common.dll
Dependency assembly - System.Drawing.Primitives.dll
Dependency assembly - System.Threading.ThreadPool.dll
Dependency assembly - System.Net.AuthenticationManager.dll
Dependency assembly - System.Net.Sockets.dll
Dependency assembly - System.Runtime.CompilerServices.Unsafe.dll
Dependency assembly - OPS.Serialization.Json.dll
Dependency assembly - System.Threading.Tasks.Extensions.dll
Dependency assembly - System.Runtime.Serialization.Primitives.dll
Dependency assembly - System.Buffers.dll
Dependency assembly - System.DirectoryServices.Protocols.dll
Dependency assembly - System.Web.Http.dll
Dependency assembly - System.IO.FileSystem.DriveInfo.dll
Dependency assembly - cscompmgd.dll
Dependency assembly - System.ServiceModel.Routing.dll
Dependency assembly - System.IO.FileSystem.dll
Dependency assembly - System.Resources.ReaderWriter.dll
Dependency assembly - System.Runtime.InteropServices.WindowsRuntime.dll
Dependency assembly - System.Security.Claims.dll
Dependency assembly - UnityEngine.UI.dll
Dependency assembly - Mono.Http.dll
Dependency assembly - System.Web.Http.SelfHost.dll
Dependency assembly - System.Diagnostics.FileVersionInfo.dll
Dependency assembly - System.Net.Utilities.dll
Dependency assembly - System.Reflection.Emit.ILGeneration.dll
Dependency assembly - System.Diagnostics.Process.dll
Dependency assembly - System.Web.Extensions.Design.dll
Dependency assembly - System.Data.Common.dll
Dependency assembly - SMDiagnostics.dll
Dependency assembly - System.Data.Linq.dll
Dependency assembly - System.ComponentModel.Primitives.dll
Dependency assembly - System.ComponentModel.dll
Dependency assembly - System.IO.dll
Dependency assembly - System.Security.Cryptography.Csp.dll
Dependency assembly - System.Net.WebHeaderCollection.dll
Dependency assembly - Microsoft.Build.dll
Dependency assembly - Mono.WebBrowser.dll
Dependency assembly - System.Web.Http.WebHost.dll
Dependency assembly - System.Net.Http.Formatting.dll
Dependency assembly - System.ServiceModel.Security.dll
Dependency assembly - System.Xml.dll
Dependency assembly - System.Runtime.Loader.dll
Dependency assembly - System.Configuration.Install.dll
Dependency assembly - System.Resources.ResourceManager.dll
Dependency assembly - System.Runtime.Numerics.dll
Dependency assembly - System.ComponentModel.Annotations.dll
Dependency assembly - System.Web.Extensions.dll
Dependency assembly - System.Windows.dll
Dependency assembly - Unity.TextMeshPro.dll
Dependency assembly - System.Xml.Xsl.Primitives.dll
Dependency assembly - RabbitMQ.Client.dll
Dependency assembly - System.Diagnostics.TraceSource.dll
Dependency assembly - System.Memory.dll
Dependency assembly - System.Runtime.Handles.dll
Dependency assembly - System.Reactive.Linq.dll
Dependency assembly - System.Web.WebPages.dll
Dependency assembly - Mono.Data.Tds.dll
Dependency assembly - System.IO.FileSystem.Primitives.dll
Dependency assembly - Accessibility.dll
Dependency assembly - ICSharpCode.SharpZipLib.dll
Dependency assembly - System.IO.FileSystem.AccessControl.dll
Dependency assembly - System.Security.Cryptography.DeriveBytes.dll
Dependency assembly - System.IO.MemoryMappedFiles.dll
Dependency assembly - System.Console.dll
Dependency assembly - System.Web.Services.dll
Dependency assembly - System.Drawing.Design.dll
Dependency assembly - Microsoft.Bcl.AsyncInterfaces.dll
Dependency assembly - System.Globalization.Extensions.dll
Dependency assembly - System.Diagnostics.TextWriterTraceListener.dll
Dependency assembly - I18N.dll
Dependency assembly - System.Net.ServicePoint.dll
Dependency assembly - System.Security.Cryptography.Primitives.dll
Dependency assembly - Microsoft.Win32.Registry.AccessControl.dll
Dependency assembly - Mono.Management.dll
Dependency assembly - System.Net.Requests.dll
Dependency assembly - System.Runtime.Caching.dll
Dependency assembly - System.Reactive.PlatformServices.dll
Dependency assembly - System.Security.Cryptography.ProtectedData.dll
Dependency assembly - Mono.XBuild.Tasks.dll
Dependency assembly - System.Collections.Concurrent.dll
Dependency assembly - Mono.Posix.dll
Dependency assembly - PEAPI.dll
Dependency assembly - System.Reactive.Interfaces.dll
Dependency assembly - Microsoft.Build.Engine.dll
Dependency assembly - System.Security.Cryptography.Encryption.ECDiffieHellman.dll
Dependency assembly - System.Resources.Reader.dll
Dependency assembly - System.Collections.dll
Dependency assembly - System.Diagnostics.StackTrace.dll
Dependency assembly - System.Threading.Tasks.Parallel.dll
Dependency assembly - Microsoft.VisualC.dll
Dependency assembly - Mono.CompilerServices.SymbolWriter.dll
Dependency assembly - System.Text.Encoding.CodePages.dll
Dependency assembly - Mono.Profiler.Log.dll
Dependency assembly - System.ComponentModel.EventBasedAsync.dll
Dependency assembly - Mono.Cairo.dll
Dependency assembly - System.Json.Microsoft.dll
Dependency assembly - System.Web.Razor.dll
Dependency assembly - System.IO.Hashing.dll
Dependency assembly - mscorlib.dll
Dependency assembly - System.EnterpriseServices.dll
Dependency assembly - System.Windows.Forms.dll
Dependency assembly - System.Data.dll
Dependency assembly - System.Runtime.Serialization.Formatters.dll
Dependency assembly - Mono.Security.Win32.dll
Dependency assembly - System.Security.dll
Dependency assembly - System.Net.Security.dll
Dependency assembly - System.Net.HttpListener.dll
Dependency assembly - System.Web.DynamicData.dll
Dependency assembly - System.Windows.Forms.DataVisualization.dll
Dependency assembly - System.Reflection.DispatchProxy.dll
Dependency assembly - System.Runtime.Serialization.Json.dll
Dependency assembly - System.ServiceProcess.ServiceController.dll
Dependency assembly - I18N.MidEast.dll
Dependency assembly - Mono.Options.dll
Dependency assembly - System.Xml.XDocument.dll
Dependency assembly - Microsoft.Build.Utilities.v4.0.dll
Dependency assembly - System.Linq.dll
Dependency assembly - System.Net.WebSockets.Client.dll
Dependency assembly - System.Security.Cryptography.Encoding.dll
Dependency assembly - System.Diagnostics.TraceEvent.dll
Dependency assembly - System.IO.FileSystem.Watcher.dll
Dependency assembly - System.Xml.ReaderWriter.dll
Dependency assembly - netstandard.dll
Dependency assembly - Mono.C5.dll
Dependency assembly - System.Drawing.dll
Dependency assembly - System.Diagnostics.Debug.dll
Dependency assembly - System.Runtime.CompilerServices.VisualC.dll
Dependency assembly - System.Reactive.Debugger.dll
Dependency assembly - I18N.West.dll
Dependency assembly - System.Web.ApplicationServices.dll
Dependency assembly - System.Web.Mobile.dll
Dependency assembly - System.Data.Entity.dll
Dependency assembly - Mono.Security.dll
Dependency assembly - System.Security.Cryptography.OpenSsl.dll

Calling OnPostBuildPlayerScriptDLLs callbacks. For faster build speeds, consider not using this callback, as we don't need to copy assemblies to the staging area for the incremental player build otherwise.
[OPS.OBF] Obfuscate...
UnityEngine.Debug:ExtractStackTraceNoAlloc (byte*,int,string)
UnityEngine.StackTraceUtility:ExtractStackTrace ()
UnityEngine.DebugLogHandler:Internal_Log (UnityEngine.LogType,UnityEngine.LogOption,string,UnityEngine.Object)
UnityEngine.DebugLogHandler:LogFormat (UnityEngine.LogType,UnityEngine.Object,string,object[])
UnityEngine.Logger:Log (UnityEngine.LogType,object)
UnityEngine.Debug:Log (object)
OPS.Obfuscator.Editor.Obfuscator:PostAssemblyBuild (OPS.Obfuscator.Editor.Settings.Unity.Editor.EditorSettings,OPS.Obfuscator.Editor.Settings.Unity.Build.BuildSettings)
OPS.Obfuscator.BuildPostProcessor:OnPostBuildPlayerScriptDLLs (UnityEditor.Build.Reporting.BuildReport) (at Assets/OPS/Obfuscator/Editor/BuildPostProcessor.cs:90)
UnityEditor.Build.BuildPipelineInterfaces:OnPostBuildPlayerScriptDLLs (UnityEditor.Build.Reporting.BuildReport)
UnityEditor.BuildPipeline:BuildPlayerInternal (string[],string,string,UnityEditor.BuildTargetGroup,UnityEditor.BuildTarget,int,UnityEditor.BuildOptions,string[],string[],bool)
UnityEditor.BuildPipeline:BuildPlayerFromUI (UnityEditor.BuildPlayerOptions,bool)
UnityEditor.BuildPlayerWindow/DefaultBuildMethods:BuildPlayer (UnityEditor.BuildPlayerOptions)
UnityEditor.BuildPlayerWindow:CallBuildMethods (bool,UnityEditor.BuildOptions)
UnityEditor.Build.Profile.BuildProfileModuleUtil:CallInternalBuildMethods (bool,UnityEditor.BuildOptions)
UnityEditor.Build.Profile.BuildProfileWindow/<>c__DisplayClass55_0:<OnBuildButtonClicked>b__0 ()
UnityEditor.EditorApplication:Internal_CallDelayFunctions ()

(Filename: Assets/OPS/Obfuscator/Editor/BuildPostProcessor.cs Line: 90)

[OPS.OBF] Obfuscated names: Of 201 Namespaces 0%, of 221 Types 0%, of 2602 Methods 0%, of 4851 Fields 0%, of 5 Properties 0%, of 0 Events 100%.
UnityEngine.Debug:ExtractStackTraceNoAlloc (byte*,int,string)
UnityEngine.StackTraceUtility:ExtractStackTrace ()
UnityEngine.DebugLogHandler:Internal_Log (UnityEngine.LogType,UnityEngine.LogOption,string,UnityEngine.Object)
UnityEngine.DebugLogHandler:LogFormat (UnityEngine.LogType,UnityEngine.Object,string,object[])
UnityEngine.Logger:Log (UnityEngine.LogType,object)
UnityEngine.Debug:Log (object)
OPS.Obfuscator.Editor.Project.PostAssemblyBuild.Pipeline.PostAssemblyBuildPipeline:OnProcessPipeline ()
OPS.Editor.Project.Pipeline.APipeline:ProcessPipeline (OPS.Editor.Project.Step.IStepInput,OPS.Editor.Project.Step.IStepOutput)
OPS.Editor.Project.Step.AStep`2<OPS.Obfuscator.Editor.Project.PreBuild.PreBuildOutput, OPS.Obfuscator.Editor.Project.PostAssemblyBuild.PostAssemblyBuildOutput>:Process (OPS.Editor.Project.Step.IStepInput)
OPS.Editor.Project.Step.AStep`2<OPS.Obfuscator.Editor.Project.PreBuild.PreBuildOutput, OPS.Obfuscator.Editor.Project.PostAssemblyBuild.PostAssemblyBuildOutput>:OPS.Editor.Project.Step.IStep.Process (OPS.Editor.Project.Step.IStepInput)
OPS.Editor.Project.AProject:RunStep (OPS.Editor.Project.Step.IStep)
OPS.Obfuscator.Editor.Obfuscator:PostAssemblyBuild (OPS.Obfuscator.Editor.Settings.Unity.Editor.EditorSettings,OPS.Obfuscator.Editor.Settings.Unity.Build.BuildSettings)
OPS.Obfuscator.BuildPostProcessor:OnPostBuildPlayerScriptDLLs (UnityEditor.Build.Reporting.BuildReport) (at Assets/OPS/Obfuscator/Editor/BuildPostProcessor.cs:90)
UnityEditor.Build.BuildPipelineInterfaces:OnPostBuildPlayerScriptDLLs (UnityEditor.Build.Reporting.BuildReport)
UnityEditor.BuildPipeline:BuildPlayerInternal (string[],string,string,UnityEditor.BuildTargetGroup,UnityEditor.BuildTarget,int,UnityEditor.BuildOptions,string[],string[],bool)
UnityEditor.BuildPipeline:BuildPlayerFromUI (UnityEditor.BuildPlayerOptions,bool)
UnityEditor.BuildPlayerWindow/DefaultBuildMethods:BuildPlayer (UnityEditor.BuildPlayerOptions)
UnityEditor.BuildPlayerWindow:CallBuildMethods (bool,UnityEditor.BuildOptions)
UnityEditor.Build.Profile.BuildProfileModuleUtil:CallInternalBuildMethods (bool,UnityEditor.BuildOptions)
UnityEditor.Build.Profile.BuildProfileWindow/<>c__DisplayClass55_0:<OnBuildButtonClicked>b__0 ()
UnityEditor.EditorApplication:Internal_CallDelayFunctions ()

(Filename: Assets/OPS/Obfuscator/Editor/BuildPostProcessor.cs Line: 90)

[OPS.OBF] Finished obfuscation!
UnityEngine.Debug:ExtractStackTraceNoAlloc (byte*,int,string)
UnityEngine.StackTraceUtility:ExtractStackTrace ()
UnityEngine.DebugLogHandler:Internal_Log (UnityEngine.LogType,UnityEngine.LogOption,string,UnityEngine.Object)
UnityEngine.DebugLogHandler:LogFormat (UnityEngine.LogType,UnityEngine.Object,string,object[])
UnityEngine.Logger:Log (UnityEngine.LogType,object)
UnityEngine.Debug:Log (object)
OPS.Obfuscator.Editor.Project.PostAssemblyBuild.PostAssemblyBuildStep:PostProcess (OPS.Obfuscator.Editor.Project.PostAssemblyBuild.PostAssemblyBuildOutput)
OPS.Editor.Project.Step.AStep`2<OPS.Obfuscator.Editor.Project.PreBuild.PreBuildOutput, OPS.Obfuscator.Editor.Project.PostAssemblyBuild.PostAssemblyBuildOutput>:Process (OPS.Editor.Project.Step.IStepInput)
OPS.Editor.Project.Step.AStep`2<OPS.Obfuscator.Editor.Project.PreBuild.PreBuildOutput, OPS.Obfuscator.Editor.Project.PostAssemblyBuild.PostAssemblyBuildOutput>:OPS.Editor.Project.Step.IStep.Process (OPS.Editor.Project.Step.IStepInput)
OPS.Editor.Project.AProject:RunStep (OPS.Editor.Project.Step.IStep)
OPS.Obfuscator.Editor.Obfuscator:PostAssemblyBuild (OPS.Obfuscator.Editor.Settings.Unity.Editor.EditorSettings,OPS.Obfuscator.Editor.Settings.Unity.Build.BuildSettings)
OPS.Obfuscator.BuildPostProcessor:OnPostBuildPlayerScriptDLLs (UnityEditor.Build.Reporting.BuildReport) (at Assets/OPS/Obfuscator/Editor/BuildPostProcessor.cs:90)
UnityEditor.Build.BuildPipelineInterfaces:OnPostBuildPlayerScriptDLLs (UnityEditor.Build.Reporting.BuildReport)
UnityEditor.BuildPipeline:BuildPlayerInternal (string[],string,string,UnityEditor.BuildTargetGroup,UnityEditor.BuildTarget,int,UnityEditor.BuildOptions,string[],string[],bool)
UnityEditor.BuildPipeline:BuildPlayerFromUI (UnityEditor.BuildPlayerOptions,bool)
UnityEditor.BuildPlayerWindow/DefaultBuildMethods:BuildPlayer (UnityEditor.BuildPlayerOptions)
UnityEditor.BuildPlayerWindow:CallBuildMethods (bool,UnityEditor.BuildOptions)
UnityEditor.Build.Profile.BuildProfileModuleUtil:CallInternalBuildMethods (bool,UnityEditor.BuildOptions)
UnityEditor.Build.Profile.BuildProfileWindow/<>c__DisplayClass55_0:<OnBuildButtonClicked>b__0 ()
UnityEditor.EditorApplication:Internal_CallDelayFunctions ()

(Filename: Assets/OPS/Obfuscator/Editor/BuildPostProcessor.cs Line: 90)

info: Microsoft.AspNetCore.Hosting.Diagnostics[1]
      Request starting HTTP/2 POST http://ilpp/UnityILPP.PostProcessing/Ping - application/grpc -
info: Microsoft.AspNetCore.Routing.EndpointMiddleware[0]
      Executing endpoint 'gRPC - /UnityILPP.PostProcessing/Ping'
info: Microsoft.AspNetCore.Routing.EndpointMiddleware[1]
      Executed endpoint 'gRPC - /UnityILPP.PostProcessing/Ping'
info: Microsoft.AspNetCore.Hosting.Diagnostics[2]
      Request finished HTTP/2 POST http://ilpp/UnityILPP.PostProcessing/Ping - 200 - application/grpc 0.2791ms
[OPS.OBF] Post process assets...
UnityEngine.Debug:ExtractStackTraceNoAlloc (byte*,int,string)
UnityEngine.StackTraceUtility:ExtractStackTrace ()
UnityEngine.DebugLogHandler:Internal_Log (UnityEngine.LogType,UnityEngine.LogOption,string,UnityEngine.Object)
UnityEngine.DebugLogHandler:LogFormat (UnityEngine.LogType,UnityEngine.Object,string,object[])
UnityEngine.Logger:Log (UnityEngine.LogType,object)
UnityEngine.Debug:Log (object)
OPS.Obfuscator.Editor.Obfuscator:PostAssetsBuild (OPS.Obfuscator.Editor.Settings.Unity.Editor.EditorSettings,OPS.Obfuscator.Editor.Settings.Unity.Build.BuildSettings)
OPS.Obfuscator.BuildPostProcessor:GenerateAdditionalLinkXmlFile (UnityEditor.Build.Reporting.BuildReport,UnityEditor.UnityLinker.UnityLinkerBuildPipelineData) (at Assets/OPS/Obfuscator/Editor/BuildPostProcessor.cs:116)
UnityEditorInternal.AssemblyStripper:ProcessBuildPipelineGenerateAdditionalLinkXmlFiles (UnityEditor.Modules.BuildPostProcessArgs)
UnityEditorInternal.AssemblyStripper:GetLinkXmlFiles (UnityEditor.Modules.BuildPostProcessArgs,NiceIO.NPath)
UnityEditor.Modules.BeeBuildPostprocessor:LinkerConfigFor (UnityEditor.Modules.BuildPostProcessArgs)
UnityEditor.Modules.BeeBuildPostprocessor/<GetDataForBuildProgramFor>d__65:MoveNext ()
System.Linq.Enumerable/AppendPrependIterator`1<object>:LoadFromEnumerator ()
System.Linq.Enumerable/AppendPrepend1Iterator`1<object>:MoveNext ()
System.Linq.Enumerable/WhereEnumerableIterator`1<object>:MoveNext ()
Bee.BeeDriver.BeeDriver:WriteDataForBuildProgram (Bee.BeeDriver.InternalState,System.Threading.Tasks.TaskCompletionSource`1<int>)
Bee.BeeDriver.BeeDriver/<>c__DisplayClass0_0:<BuildAsync>g__WriteData|0 ()
Bee.BeeDriver.BeeDriver:BuildAsync (Bee.BeeDriver.BuildRequest,System.Threading.CancellationToken)
UnityEditor.Modules.BeeBuildPostprocessor:PostProcess (UnityEditor.Modules.BuildPostProcessArgs)
UnityEditor.Modules.BeeBuildPostprocessor:PostProcess (UnityEditor.Modules.BuildPostProcessArgs,UnityEditor.BuildProperties&)
UnityEditor.WindowsStandalone.WinPlayerPostProcessor:PostProcess (UnityEditor.Modules.BuildPostProcessArgs,UnityEditor.BuildProperties&) (at C:/build/output/unity/unity/PlatformDependent/WinPlayer/Extensions/Managed/WinPlayerPostProcessor.cs:196)
UnityEditor.PostprocessBuildPlayer:Postprocess (UnityEditor.BuildTarget,int,string,string,string,UnityEditor.BuildOptions,UnityEditor.RuntimeClassRegistry,UnityEditor.Build.Reporting.BuildReport)
UnityEditor.BuildPipeline:BuildPlayerInternal (string[],string,string,UnityEditor.BuildTargetGroup,UnityEditor.BuildTarget,int,UnityEditor.BuildOptions,string[],string[],bool)
UnityEditor.BuildPipeline:BuildPlayerFromUI (UnityEditor.BuildPlayerOptions,bool)
UnityEditor.BuildPlayerWindow/DefaultBuildMethods:BuildPlayer (UnityEditor.BuildPlayerOptions)
UnityEditor.BuildPlayerWindow:CallBuildMethods (bool,UnityEditor.BuildOptions)
UnityEditor.Build.Profile.BuildProfileModuleUtil:CallInternalBuildMethods (bool,UnityEditor.BuildOptions)
UnityEditor.Build.Profile.BuildProfileWindow/<>c__DisplayClass55_0:<OnBuildButtonClicked>b__0 ()
UnityEditor.EditorApplication:Internal_CallDelayFunctions ()

(Filename: Assets/OPS/Obfuscator/Editor/BuildPostProcessor.cs Line: 116)

Starting: C:\Program Files\Unity\Hub\Editor\6000.5.8f1\Editor\Data\Tools\BuildPipeline\bee_backend.exe --ipc --dagfile="Library/Bee/Playerbc5a001d.dag" --profile="Library/Bee/backend1.traceevents" Player
WorkingDir: C:/Users/Admin/Downloads/PRJ 3in1 Goc/PRJ 3in1 Goc
[             ] Require frontend run.  Library/Bee/Playerbc5a001d.dag couldn't be loaded
ExitCode: 4 Duration: 0s23ms
Starting: C:\Program Files\Unity\Hub\Editor\6000.5.8f1\Editor\Data\netcorerun\netcorerun.exe "C:\Program Files\Unity\Hub\Editor\6000.5.8f1\Editor\Data\PlaybackEngines\WindowsStandaloneSupport\WinPlayerBuildProgram.exe" "C:/Program Files/Unity/Hub/Editor/6000.5.8f1/Editor/Data/PlaybackEngines/WindowsStandaloneSupport/Bee;C:/Program Files/Unity/Hub/Editor/6000.5.8f1/Editor/Data/Tools/BuildPipeline" "Library/Bee/Playerbc5a001d.dag.json" "Library/Bee/Playerbc5a001d-inputdata.json" "Library\Bee\buildprogram0.traceevents"
WorkingDir: C:/Users/Admin/Downloads/PRJ 3in1 Goc/PRJ 3in1 Goc
ExitCode: 0 Duration: 1s998ms
Starting: C:\Program Files\Unity\Hub\Editor\6000.5.8f1\Editor\Data\Tools\BuildPipeline\bee_backend.exe --ipc --dagfile="Library/Bee/Playerbc5a001d.dag" --dagfilejson="Library\Bee\Playerbc5a001d.dag.json" --profile="Library/Bee/backend2.traceevents" Player
WorkingDir: C:/Users/Admin/Downloads/PRJ 3in1 Goc/PRJ 3in1 Goc
Finished compiling graph: 212 nodes, 530 flattened edges (530 ToBuild, 0 ToUse), maximum node priority 116
[ 58/211    0s] WriteText Library/Bee/artifacts/csharpactions/boot.config_tyr4.info
[ 59/211    0s] CopyFiles C:/Users/Admin/Downloads/Nro Vegeta PC/NRO VEGETA_Data/app.info
[ 60/211    0s] CopyFiles C:/Users/Admin/Downloads/Nro Vegeta PC/UnityCrashHandler64.exe
[ 61/211    0s] CopyFiles C:/Users/Admin/Downloads/Nro Vegeta PC/MonoBleedingEdge/etc/mono/4.5/DefaultWsdlHelpGenerator.aspx
[ 62/211    0s] CopyFiles C:/Users/Admin/Downloads/Nro Vegeta PC/MonoBleedingEdge/etc/mono/4.5/Browsers/Compat.browser
[ 63/211    0s] CopyFiles C:/Users/Admin/Downloads/Nro Vegeta PC/MonoBleedingEdge/etc/mono/4.0/web.config
[ 64/211    0s] CopyFiles C:/Users/Admin/Downloads/Nro Vegeta PC/MonoBleedingEdge/etc/mono/4.0/machine.config
[ 65/211    0s] CopyFiles C:/Users/Admin/Downloads/Nro Vegeta PC/MonoBleedingEdge/etc/mono/4.0/DefaultWsdlHelpGenerator.aspx
[ 66/211    0s] CopyFiles C:/Users/Admin/Downloads/Nro Vegeta PC/MonoBleedingEdge/etc/mono/2.0/web.config
[ 67/211    0s] CopyFiles C:/Users/Admin/Downloads/Nro Vegeta PC/MonoBleedingEdge/etc/mono/4.0/Browsers/Compat.browser
[ 68/211    0s] CopyFiles C:/Users/Admin/Downloads/Nro Vegeta PC/MonoBleedingEdge/etc/mono/4.5/web.config
[ 69/211    0s] CopyFiles C:/Users/Admin/Downloads/Nro Vegeta PC/MonoBleedingEdge/etc/mono/4.5/machine.config
[ 70/211    0s] CopyFiles C:/Users/Admin/Downloads/Nro Vegeta PC/MonoBleedingEdge/etc/mono/2.0/machine.config
[ 71/211    0s] CopyFiles C:/Users/Admin/Downloads/Nro Vegeta PC/MonoBleedingEdge/etc/mono/2.0/settings.map
[ 72/211    0s] CopyFiles C:/Users/Admin/Downloads/Nro Vegeta PC/MonoBleedingEdge/etc/mono/4.5/settings.map
[ 73/211    0s] CopyFiles C:/Users/Admin/Downloads/Nro Vegeta PC/MonoBleedingEdge/etc/mono/browscap.ini
[ 74/211    0s] CopyFiles C:/Users/Admin/Downloads/Nro Vegeta PC/MonoBleedingEdge/etc/mono/2.0/Browsers/Compat.browser
[ 75/211    0s] CopyFiles C:/Users/Admin/Downloads/Nro Vegeta PC/dstorage.dll
[ 76/211    0s] CopyFiles C:/Users/Admin/Downloads/Nro Vegeta PC/MonoBleedingEdge/etc/mono/2.0/DefaultWsdlHelpGenerator.aspx
[ 77/211    0s] CopyFiles C:/Users/Admin/Downloads/Nro Vegeta PC/dstoragecore.dll
[ 78/211    0s] CopyFiles C:/Users/Admin/Downloads/Nro Vegeta PC/MonoBleedingEdge/etc/mono/4.0/settings.map
[ 79/211    0s] CopyFiles C:/Users/Admin/Downloads/Nro Vegeta PC/MonoBleedingEdge/EmbedRuntime/MonoPosixHelper.dll
[ 80/211    0s] CopyFiles C:/Users/Admin/Downloads/Nro Vegeta PC/NRO VEGETA.exe
[ 81/211    0s] CopyFiles C:/Users/Admin/Downloads/Nro Vegeta PC/NRO VEGETA_Data/RuntimeInitializeOnLoads.json
[ 82/211    0s] CopyFiles C:/Users/Admin/Downloads/Nro Vegeta PC/NRO VEGETA_Data/sharedassets0.assets
[ 83/211    0s] CopyFiles C:/Users/Admin/Downloads/Nro Vegeta PC/MonoBleedingEdge/etc/mono/config
[ 84/211    0s] CopyFiles C:/Users/Admin/Downloads/Nro Vegeta PC/NRO VEGETA_Data/ScriptingAssemblies.json
[ 85/211    0s] CopyFiles C:/Users/Admin/Downloads/Nro Vegeta PC/MonoBleedingEdge/etc/mono/mconfig/config.xml
[ 86/211    0s] CopyFiles C:/Users/Admin/Downloads/Nro Vegeta PC/MonoBleedingEdge/EmbedRuntime/mono-2.0-bdwgc.dll
[ 87/211    0s] CopyFiles C:/Users/Admin/Downloads/Nro Vegeta PC/NRO VEGETA_Data/level0
[ 88/211    0s] CopyFiles C:/Users/Admin/Downloads/Nro Vegeta PC/NRO VEGETA_Data/resources.resource
[ 89/211    0s] CopyFiles C:/Users/Admin/Downloads/Nro Vegeta PC/NRO VEGETA_Data/Resources/unity_builtin_extra
[ 90/211    0s] CopyFiles C:/Users/Admin/Downloads/Nro Vegeta PC/NRO VEGETA_Data/Resources/unity default resources
[ 91/211    0s] CopyFiles C:/Users/Admin/Downloads/Nro Vegeta PC/D3D12/D3D12Core.dll
[ 92/211    0s] CopyFiles C:/Users/Admin/Downloads/Nro Vegeta PC/NRO VEGETA_Data/globalgamemanagers
[ 93/211    0s] CopyFiles C:/Users/Admin/Downloads/Nro Vegeta PC/NRO VEGETA_Data/globalgamemanagers.assets
[ 94/211    0s] CopyFiles C:/Users/Admin/Downloads/Nro Vegeta PC/NRO VEGETA_Data/globalgamemanagers.assets.resS
[ 95/211    0s] CopyFiles C:/Users/Admin/Downloads/Nro Vegeta PC/UnityPlayer.dll
[ 96/211    0s] CopyFiles C:/Users/Admin/Downloads/Nro Vegeta PC/NRO VEGETA_Data/resources.assets
[ 97/211    0s] CopyFiles C:/Users/Admin/Downloads/Nro Vegeta PC/NRO VEGETA_Data/resources.assets.resS
[ 98/211    0s] AddBootConfigGUID Library/Bee/artifacts/WinPlayerBuildProgram/boot.config
[ 99/211    0s] CopyFiles C:/Users/Admin/Downloads/Nro Vegeta PC/NRO VEGETA_Data/boot.config
[BUSY       6s] UnityLinker C:/Users/Admin/Downloads/PRJ 3in1 Goc/PRJ 3in1 Goc/Library/Bee/artifacts/unitylinker_dwek.traceevents
[100/211   12s] UnityLinker C:/Users/Admin/Downloads/PRJ 3in1 Goc/PRJ 3in1 Goc/Library/Bee/artifacts/unitylinker_dwek.traceevents
C:\Program Files\Unity\Hub\Editor\6000.5.8f1\Editor\Data\il2cpp\build\deploy\UnityLinker.exe @Library\Bee\artifacts\rsp\11343520552406841866.rsp
[115/211    0s] CopyFiles C:/Users/Admin/Downloads/Nro Vegeta PC/NRO VEGETA_Data/Managed/UnityEngine.UIElementsModule.dll
[116/211    0s] CopyFiles C:/Users/Admin/Downloads/Nro Vegeta PC/NRO VEGETA_Data/Managed/UnityEngine.HierarchyCoreModule.dll
[118/211    0s] CopyFiles C:/Users/Admin/Downloads/Nro Vegeta PC/NRO VEGETA_Data/Managed/UnityEngine.InputForUIModule.dll
[119/211    0s] CopyFiles C:/Users/Admin/Downloads/Nro Vegeta PC/NRO VEGETA_Data/Managed/UnityEngine.GridModule.dll
[120/211    0s] CopyFiles C:/Users/Admin/Downloads/Nro Vegeta PC/NRO VEGETA_Data/Managed/UnityEngine.PhysicsCore2DModule.dll
[121/211    0s] CopyFiles C:/Users/Admin/Downloads/Nro Vegeta PC/NRO VEGETA_Data/Managed/UnityEngine.UI.dll
[122/211    0s] CopyFiles C:/Users/Admin/Downloads/Nro Vegeta PC/NRO VEGETA_Data/Managed/UnityEngine.MarshallingModule.dll
[123/211    0s] CopyFiles C:/Users/Admin/Downloads/Nro Vegeta PC/NRO VEGETA_Data/Managed/UnityEngine.ContentLoadModule.dll
[126/211    0s] CopyFiles C:/Users/Admin/Downloads/Nro Vegeta PC/NRO VEGETA_Data/Managed/System.Core.dll
[128/211    0s] CopyFiles C:/Users/Admin/Downloads/Nro Vegeta PC/NRO VEGETA_Data/Managed/System.dll
[129/211    0s] CopyFiles C:/Users/Admin/Downloads/Nro Vegeta PC/NRO VEGETA_Data/Managed/UnityEngine.TextCoreTextEngineModule.dll
[138/211    0s] CopyFiles C:/Users/Admin/Downloads/Nro Vegeta PC/NRO VEGETA_Data/Managed/Assembly-CSharp.dll
[140/211    0s] CopyFiles C:/Users/Admin/Downloads/Nro Vegeta PC/NRO VEGETA_Data/Managed/UnityEngine.AnimationModule.dll
[141/211    0s] CopyFiles C:/Users/Admin/Downloads/Nro Vegeta PC/NRO VEGETA_Data/Managed/UnityEngine.DirectorModule.dll
[147/211    0s] CopyFiles C:/Users/Admin/Downloads/Nro Vegeta PC/NRO VEGETA_Data/Managed/UnityEngine.PropertiesModule.dll
[148/211    0s] CopyFiles C:/Users/Admin/Downloads/Nro Vegeta PC/NRO VEGETA_Data/Managed/UnityEngine.SharedInternalsModule.dll
[149/211    0s] CopyFiles C:/Users/Admin/Downloads/Nro Vegeta PC/NRO VEGETA_Data/Managed/UnityEngine.TilemapModule.dll
[150/211    0s] CopyFiles C:/Users/Admin/Downloads/Nro Vegeta PC/NRO VEGETA_Data/Managed/UnityEngine.ScriptingModule.dll
[152/211    0s] CopyFiles C:/Users/Admin/Downloads/Nro Vegeta PC/NRO VEGETA_Data/Managed/System.Xml.dll
[156/211    0s] CopyFiles C:/Users/Admin/Downloads/Nro Vegeta PC/NRO VEGETA_Data/Managed/UnityEngine.InputLegacyModule.dll
[157/211    0s] CopyFiles C:/Users/Admin/Downloads/Nro Vegeta PC/NRO VEGETA_Data/Managed/UnityEngine.UIModule.dll
[159/211    0s] CopyFiles C:/Users/Admin/Downloads/Nro Vegeta PC/NRO VEGETA_Data/Managed/UnityEngine.AssetBundleModule.dll
[160/211    0s] CopyFiles C:/Users/Admin/Downloads/Nro Vegeta PC/NRO VEGETA_Data/Managed/UnityEngine.dll
[161/211    0s] CopyFiles C:/Users/Admin/Downloads/Nro Vegeta PC/NRO VEGETA_Data/Managed/UnityEngine.AdaptivePerformanceModule.dll
[162/211    0s] CopyFiles C:/Users/Admin/Downloads/Nro Vegeta PC/NRO VEGETA_Data/Managed/UnityEngine.IMGUIModule.dll
[163/211    0s] CopyFiles C:/Users/Admin/Downloads/Nro Vegeta PC/NRO VEGETA_Data/Managed/UnityEngine.UnityConsentModule.dll
[166/211    0s] CopyFiles C:/Users/Admin/Downloads/Nro Vegeta PC/NRO VEGETA_Data/Managed/UnityEngine.AIModule.dll
[167/211    0s] CopyFiles C:/Users/Admin/Downloads/Nro Vegeta PC/NRO VEGETA_Data/Managed/UnityEngine.AccessibilityModule.dll
[173/211    0s] CopyFiles C:/Users/Admin/Downloads/Nro Vegeta PC/NRO VEGETA_Data/Managed/UnityEngine.VideoModule.dll
[174/211    0s] CopyFiles C:/Users/Admin/Downloads/Nro Vegeta PC/NRO VEGETA_Data/Managed/UnityEngine.AudioModule.dll
[176/211    0s] CopyFiles C:/Users/Admin/Downloads/Nro Vegeta PC/NRO VEGETA_Data/Managed/UnityEngine.SpriteShapeModule.dll
[177/211    0s] CopyFiles C:/Users/Admin/Downloads/Nro Vegeta PC/NRO VEGETA_Data/Managed/UnityEngine.XRModule.dll
[178/211    0s] CopyFiles C:/Users/Admin/Downloads/Nro Vegeta PC/NRO VEGETA_Data/Managed/Mono.Security.dll
[179/211    0s] CopyFiles C:/Users/Admin/Downloads/Nro Vegeta PC/NRO VEGETA_Data/Managed/UnityEngine.InputModule.dll
[181/211    0s] CopyFiles C:/Users/Admin/Downloads/Nro Vegeta PC/NRO VEGETA_Data/Managed/UnityEngine.AndroidJNIModule.dll
[183/211    0s] CopyFiles C:/Users/Admin/Downloads/Nro Vegeta PC/NRO VEGETA_Data/Managed/UnityEngine.Physics2DModule.dll
[184/211    0s] CopyFiles C:/Users/Admin/Downloads/Nro Vegeta PC/NRO VEGETA_Data/Managed/System.Runtime.CompilerServices.Unsafe.dll
[186/211    0s] CopyFiles C:/Users/Admin/Downloads/Nro Vegeta PC/NRO VEGETA_Data/Managed/mscorlib.dll
[187/211    0s] CopyFiles C:/Users/Admin/Downloads/Nro Vegeta PC/NRO VEGETA_Data/Managed/UnityEngine.VFXModule.dll
[188/211    0s] CopyFiles C:/Users/Admin/Downloads/Nro Vegeta PC/NRO VEGETA_Data/Managed/UnityEngine.UnityWebRequestAudioModule.dll
[189/211    0s] CopyFiles C:/Users/Admin/Downloads/Nro Vegeta PC/NRO VEGETA_Data/Managed/UnityEngine.TextRenderingModule.dll
[191/211    0s] CopyFiles C:/Users/Admin/Downloads/Nro Vegeta PC/NRO VEGETA_Data/Managed/UnityEngine.UnityWebRequestModule.dll
[196/211    0s] CopyFiles C:/Users/Admin/Downloads/Nro Vegeta PC/NRO VEGETA_Data/Managed/UnityEngine.UnityAnalyticsCommonModule.dll
[197/211    0s] CopyFiles C:/Users/Admin/Downloads/Nro Vegeta PC/NRO VEGETA_Data/Managed/UnityEngine.TerrainModule.dll
[198/211    0s] CopyFiles C:/Users/Admin/Downloads/Nro Vegeta PC/NRO VEGETA_Data/Managed/UnityEngine.UnityAnalyticsModule.dll
[200/211    0s] CopyFiles C:/Users/Admin/Downloads/Nro Vegeta PC/NRO VEGETA_Data/Managed/UnityEngine.CoreModule.dll
[201/211    0s] CopyFiles C:/Users/Admin/Downloads/Nro Vegeta PC/NRO VEGETA_Data/Managed/UnityEngine.PhysicsModule.dll
[202/211    0s] CopyFiles C:/Users/Admin/Downloads/Nro Vegeta PC/NRO VEGETA_Data/Managed/Unity.Scripting.dll
[203/211    0s] CopyFiles C:/Users/Admin/Downloads/Nro Vegeta PC/NRO VEGETA_Data/Managed/UnityEngine.ParticleSystemModule.dll
[204/211    0s] CopyFiles C:/Users/Admin/Downloads/Nro Vegeta PC/NRO VEGETA_Data/Managed/UnityEngine.SubsystemsModule.dll
[205/211    0s] CopyFiles C:/Users/Admin/Downloads/Nro Vegeta PC/NRO VEGETA_Data/Managed/UnityEngine.TextCoreFontEngineModule.dll
[206/211    0s] CopyFiles C:/Users/Admin/Downloads/Nro Vegeta PC/NRO VEGETA_Data/Managed/UnityEngine.ImageConversionModule.dll
[207/211    0s] CopyFiles C:/Users/Admin/Downloads/Nro Vegeta PC/NRO VEGETA_Data/Managed/System.Configuration.dll
[208/211    0s] CopyFiles C:/Users/Admin/Downloads/Nro Vegeta PC/NRO VEGETA_Data/Managed/System.Numerics.dll
[209/211    0s] CopyFiles C:/Users/Admin/Downloads/Nro Vegeta PC/NRO VEGETA_Data/Managed/OPS.Obfuscator.dll
[210/211    0s] ExtractUsedFeatures Library/Bee/artifacts/WinPlayerBuildProgram/Features/Assembly-CSharp-FeaturesChecked.txt
*** Tundra requires additional run (13.33 seconds), 99 items updated, 211 evaluated
*** Additional run caused by: timestamp change of Library/Bee/artifacts/WinPlayerBuildProgram/Features/Assembly-CSharp-FeaturesChecked.txt
Starting: C:\Program Files\Unity\Hub\Editor\6000.5.8f1\Editor\Data\netcorerun\netcorerun.exe "C:\Program Files\Unity\Hub\Editor\6000.5.8f1\Editor\Data\PlaybackEngines\WindowsStandaloneSupport\WinPlayerBuildProgram.exe" "C:/Program Files/Unity/Hub/Editor/6000.5.8f1/Editor/Data/PlaybackEngines/WindowsStandaloneSupport/Bee;C:/Program Files/Unity/Hub/Editor/6000.5.8f1/Editor/Data/Tools/BuildPipeline" "Library/Bee/Playerbc5a001d.dag.json" "Library/Bee/Playerbc5a001d-inputdata.json" "Library\Bee\buildprogram1.traceevents"
WorkingDir: C:/Users/Admin/Downloads/PRJ 3in1 Goc/PRJ 3in1 Goc
ExitCode: 4 Duration: 13s
ExitCode: 0 Duration: 0s308ms
Starting: C:\Program Files\Unity\Hub\Editor\6000.5.8f1\Editor\Data\Tools\BuildPipeline\bee_backend.exe --ipc --dagfile="Library/Bee/Playerbc5a001d.dag" --dagfilejson="Library\Bee\Playerbc5a001d.dag.json" --profile="Library/Bee/backend3.traceevents" Player
WorkingDir: C:/Users/Admin/Downloads/PRJ 3in1 Goc/PRJ 3in1 Goc
Finished compiling graph: 212 nodes, 530 flattened edges (530 ToBuild, 0 ToUse), maximum node priority 116
*** Tundra build success (0.07 seconds), 0 items updated, 211 evaluated
ExitCode: 0 Duration: 0s93ms
Total cache size 11730608
Total cache size after purge 11730608, took 00:00:00.0169726
[Licensing::Client] Successfully resolved entitlement details
[OPS.OBF] Post process...
UnityEngine.Debug:ExtractStackTraceNoAlloc (byte*,int,string)
UnityEngine.StackTraceUtility:ExtractStackTrace ()
UnityEngine.DebugLogHandler:Internal_Log (UnityEngine.LogType,UnityEngine.LogOption,string,UnityEngine.Object)
UnityEngine.DebugLogHandler:LogFormat (UnityEngine.LogType,UnityEngine.Object,string,object[])
UnityEngine.Logger:Log (UnityEngine.LogType,object)
UnityEngine.Debug:Log (object)
OPS.Obfuscator.Editor.Obfuscator:PostBuild (OPS.Obfuscator.Editor.Settings.Unity.Editor.EditorSettings,OPS.Obfuscator.Editor.Settings.Unity.Build.BuildSettings)
OPS.Obfuscator.BuildPostProcessor:OnPostprocessBuild (UnityEditor.Build.Reporting.BuildReport) (at Assets/OPS/Obfuscator/Editor/BuildPostProcessor.cs:149)
UnityEditor.Build.BuildPipelineInterfaces/<>c__DisplayClass21_0:<OnBuildPostProcess>b__1 (UnityEditor.Build.IPostprocessBuildWithReport)
UnityEditor.Build.BuildPipelineInterfaces:InvokeCallbackInterfacesPair<UnityEditor.Build.IPostprocessBuild, UnityEditor.Build.IPostprocessBuildWithReport> (System.Collections.Generic.List`1<UnityEditor.Build.IPostprocessBuild>,System.Action`1<UnityEditor.Build.IPostprocessBuild>,System.Collections.Generic.List`1<UnityEditor.Build.IPostprocessBuildWithReport>,System.Action`1<UnityEditor.Build.IPostprocessBuildWithReport>,bool)
UnityEditor.Build.BuildPipelineInterfaces:OnBuildPostProcess (UnityEditor.Build.Reporting.BuildReport)
UnityEditor.BuildPipeline:BuildPlayerInternal (string[],string,string,UnityEditor.BuildTargetGroup,UnityEditor.BuildTarget,int,UnityEditor.BuildOptions,string[],string[],bool)
UnityEditor.BuildPipeline:BuildPlayerFromUI (UnityEditor.BuildPlayerOptions,bool)
UnityEditor.BuildPlayerWindow/DefaultBuildMethods:BuildPlayer (UnityEditor.BuildPlayerOptions)
UnityEditor.BuildPlayerWindow:CallBuildMethods (bool,UnityEditor.BuildOptions)
UnityEditor.Build.Profile.BuildProfileModuleUtil:CallInternalBuildMethods (bool,UnityEditor.BuildOptions)
UnityEditor.Build.Profile.BuildProfileWindow/<>c__DisplayClass55_0:<OnBuildButtonClicked>b__0 ()
UnityEditor.EditorApplication:Internal_CallDelayFunctions ()

(Filename: Assets/OPS/Obfuscator/Editor/BuildPostProcessor.cs Line: 149)


-------------------------------------------------------------------------------
Build Report
Information on used Assets is not available, since player data was not rebuilt.
Do a clean build to view the Asset build report information.
-------------------------------------------------------------------------------
Unloading 32 unused Assets / (0.7 MB). Loaded Objects now: 3224.
Memory consumption went from 502.6 MB to 501.8 MB.
Total: 36.181600 ms (FindLiveObjects: 0.731400 ms CreateObjectMapping: 0.219700 ms MarkObjects: 33.715900 ms  DeleteObjects: 1.511200 ms)

Unloading 7 Unused Serialized files (Serialized files now loaded: 0)
Unloading 0 unused Assets / (13.1 KB). Loaded Objects now: 3224.
Memory consumption went from 495.3 MB to 495.2 MB.
Total: 18.901800 ms (FindLiveObjects: 0.494600 ms CreateObjectMapping: 0.235400 ms MarkObjects: 18.139900 ms  DeleteObjects: 0.029100 ms)

DisplayProgressNotification: Build Successful
Build Finished, Result: Success.
##utp:{"success":true,"type":"PlayerBuildInfo","version":2,"phase":"Immediate","time":1786804126308,"processId":7056,"steps":[{"description":"Preprocess Player","duration":597},{"description":"Prepare For Build","duration":6},{"description":"ProducePlayerScriptAssemblies","duration":8262},{"description":"Verify Build setup","duration":366},{"description":"Prepare assets for target platform","duration":0},{"description":"Prepare splash screen","duration":91},{"description":"Run script only build","duration":31},{"description":"Build scripts DLLs","duration":1684},{"description":"Postprocess built player","duration":16674}],"duration":27711}
Unloading 0 Unused Serialized files (Serialized files now loaded: 0)
Loaded scene 'Temp/__Backupscenes/0.backup'
	Deserialize:            0.863 ms
	Integration:            16.344 ms
	Integration of assets:  0.002 ms
	Thread Wait Time:       0.011 ms
	Total Operation Time:   17.220 ms
Unloading 0 unused Assets / (12.1 KB). Loaded Objects now: 3222.
Memory consumption went from 495.0 MB to 495.0 MB.
Total: 18.560600 ms (FindLiveObjects: 0.363400 ms CreateObjectMapping: 0.185900 ms MarkObjects: 17.987800 ms  DeleteObjects: 0.022300 ms)

Build completed with a result of 'Succeeded' in 28 seconds (28033 ms) [8/15/2026 9:28:18 PM -> 8/15/2026 9:28:46 PM, 28s]
UnityEngine.Debug:ExtractStackTraceNoAlloc (byte*,int,string)
UnityEngine.StackTraceUtility:ExtractStackTrace ()
UnityEngine.DebugLogHandler:Internal_Log (UnityEngine.LogType,UnityEngine.LogOption,string,UnityEngine.Object)
UnityEngine.DebugLogHandler:LogFormat (UnityEngine.LogType,UnityEngine.Object,string,object[])
UnityEngine.Logger:Log (UnityEngine.LogType,object)
UnityEngine.Debug:Log (object)
UnityEditor.BuildPlayerWindow/DefaultBuildMethods:BuildPlayer (UnityEditor.BuildPlayerOptions)
UnityEditor.BuildPlayerWindow:CallBuildMethods (bool,UnityEditor.BuildOptions)
UnityEditor.Build.Profile.BuildProfileModuleUtil:CallInternalBuildMethods (bool,UnityEditor.BuildOptions)
UnityEditor.Build.Profile.BuildProfileWindow/<>c__DisplayClass55_0:<OnBuildButtonClicked>b__0 ()
UnityEditor.EditorApplication:Internal_CallDelayFunctions ()

Asset Pipeline Refresh (id=a14ae4ffd6720b540a679a331dbda1db): Total: 0.056 seconds - Initiated by RefreshV2(AllowForceSynchronousImport)
[Licensing::Client] Successfully resolved entitlement details
🔄 Setting default orientation to Landscape (Android & iOS)
UnityEngine.Debug:ExtractStackTraceNoAlloc (byte*,int,string)
UnityEngine.StackTraceUtility:ExtractStackTrace ()
UnityEngine.DebugLogHandler:Internal_Log (UnityEngine.LogType,UnityEngine.LogOption,string,UnityEngine.Object)
UnityEngine.DebugLogHandler:LogFormat (UnityEngine.LogType,UnityEngine.Object,string,object[])
UnityEngine.Logger:Log (UnityEngine.LogType,object)
UnityEngine.Debug:Log (object)
AutoSetOrientation:SetOrientationSettings () (at Assets/Editor/AutoSetOrientation.cs:35)
AutoSetOrientation:OnPreprocessBuild (UnityEditor.Build.Reporting.BuildReport) (at Assets/Editor/AutoSetOrientation.cs:18)
UnityEditor.Build.BuildPipelineInterfaces/<>c__DisplayClass17_0:<OnBuildPreProcess>b__1 (UnityEditor.Build.IPreprocessBuildWithReport)
UnityEditor.Build.BuildPipelineInterfaces:InvokeCallbackInterfacesPair<UnityEditor.Build.IPreprocessBuild, UnityEditor.Build.IPreprocessBuildWithReport> (System.Collections.Generic.List`1<UnityEditor.Build.IPreprocessBuild>,System.Action`1<UnityEditor.Build.IPreprocessBuild>,System.Collections.Generic.List`1<UnityEditor.Build.IPreprocessBuildWithReport>,System.Action`1<UnityEditor.Build.IPreprocessBuildWithReport>,bool)
UnityEditor.Build.BuildPipelineInterfaces:OnBuildPreProcess (UnityEditor.Build.Reporting.BuildReport)
UnityEditor.BuildPipeline:BuildPlayerInternal (string[],string,string,UnityEditor.BuildTargetGroup,UnityEditor.BuildTarget,int,UnityEditor.BuildOptions,string[],string[],bool)
UnityEditor.BuildPipeline:BuildPlayerFromUI (UnityEditor.BuildPlayerOptions,bool)
UnityEditor.BuildPlayerWindow/DefaultBuildMethods:BuildPlayer (UnityEditor.BuildPlayerOptions)
UnityEditor.BuildPlayerWindow:CallBuildMethods (bool,UnityEditor.BuildOptions)
UnityEditor.Build.Profile.BuildProfileModuleUtil:CallInternalBuildMethods (bool,UnityEditor.BuildOptions)
UnityEditor.Build.Profile.BuildProfileWindow/<>c__DisplayClass55_0:<OnBuildButtonClicked>b__0 ()
UnityEditor.EditorApplication:Internal_CallDelayFunctions ()

(Filename: Assets/Editor/AutoSetOrientation.cs Line: 35)

[OPS.OBF] Prepare obfuscation...
UnityEngine.Debug:ExtractStackTraceNoAlloc (byte*,int,string)
UnityEngine.StackTraceUtility:ExtractStackTrace ()
UnityEngine.DebugLogHandler:Internal_Log (UnityEngine.LogType,UnityEngine.LogOption,string,UnityEngine.Object)
UnityEngine.DebugLogHandler:LogFormat (UnityEngine.LogType,UnityEngine.Object,string,object[])
UnityEngine.Logger:Log (UnityEngine.LogType,object)
UnityEngine.Debug:Log (object)
OPS.Obfuscator.Editor.Obfuscator:PreBuild (OPS.Obfuscator.Editor.Settings.Unity.Editor.EditorSettings,OPS.Obfuscator.Editor.Settings.Unity.Build.BuildSettings)
OPS.Obfuscator.BuildPostProcessor:OnPreprocessBuild (UnityEditor.Build.Reporting.BuildReport) (at Assets/OPS/Obfuscator/Editor/BuildPostProcessor.cs:61)
UnityEditor.Build.BuildPipelineInterfaces/<>c__DisplayClass17_0:<OnBuildPreProcess>b__1 (UnityEditor.Build.IPreprocessBuildWithReport)
UnityEditor.Build.BuildPipelineInterfaces:InvokeCallbackInterfacesPair<UnityEditor.Build.IPreprocessBuild, UnityEditor.Build.IPreprocessBuildWithReport> (System.Collections.Generic.List`1<UnityEditor.Build.IPreprocessBuild>,System.Action`1<UnityEditor.Build.IPreprocessBuild>,System.Collections.Generic.List`1<UnityEditor.Build.IPreprocessBuildWithReport>,System.Action`1<UnityEditor.Build.IPreprocessBuildWithReport>,bool)
UnityEditor.Build.BuildPipelineInterfaces:OnBuildPreProcess (UnityEditor.Build.Reporting.BuildReport)
UnityEditor.BuildPipeline:BuildPlayerInternal (string[],string,string,UnityEditor.BuildTargetGroup,UnityEditor.BuildTarget,int,UnityEditor.BuildOptions,string[],string[],bool)
UnityEditor.BuildPipeline:BuildPlayerFromUI (UnityEditor.BuildPlayerOptions,bool)
UnityEditor.BuildPlayerWindow/DefaultBuildMethods:BuildPlayer (UnityEditor.BuildPlayerOptions)
UnityEditor.BuildPlayerWindow:CallBuildMethods (bool,UnityEditor.BuildOptions)
UnityEditor.Build.Profile.BuildProfileModuleUtil:CallInternalBuildMethods (bool,UnityEditor.BuildOptions)
UnityEditor.Build.Profile.BuildProfileWindow/<>c__DisplayClass55_0:<OnBuildButtonClicked>b__0 ()
UnityEditor.EditorApplication:Internal_CallDelayFunctions ()

(Filename: Assets/OPS/Obfuscator/Editor/BuildPostProcessor.cs Line: 61)

Asset Pipeline Refresh (id=0f2895b54b8e73d4f89312d6242935db): Total: 0.005 seconds - Initiated by StopAssetImportingV2(NoUpdateAssetOptions)
Asset Pipeline Refresh (id=8067ff9284b8d8e459aebd58207399ef): Total: 0.001 seconds - Initiated by StopAssetImportingV2(NoUpdateAssetOptions)
Unloading 0 Unused Serialized files (Serialized files now loaded: 0)
AcceleratorClientConnectionCallback - disconnected - :0
Importing 'GUID: 00000000000000004000000000000000 - Path: ProjectSettings/ProjectSettings.asset' with importer (LibraryAssetImporter)
Imported 'GUID: 00000000000000004000000000000000' -> (Import Result ID: 'f7fff7bdb6f007fd5f0ad83e0d8784f1') in 0.001 seconds [static dependencies only]. Details - ImportResultOutputID=276a810dac73e1f29404d5e5f692e214 DependenciesID=4836afbeaa2a0a54484b9b206b8dc55a StaticDependenciesID=34fd9bd773b2a2f580793fcae058054b 
Asset Pipeline Refresh (id=6b3a0e206946387438bf0447cf54c0a6): Total: 0.032 seconds - Initiated by StopAssetImportingV2(NoUpdateAssetOptions)
[Licensing::Client] Successfully resolved entitlement details
info: Microsoft.AspNetCore.Hosting.Diagnostics[1]
      Request starting HTTP/2 POST http://ilpp/UnityILPP.PostProcessing/Ping - application/grpc -
info: Microsoft.AspNetCore.Routing.EndpointMiddleware[0]
      Executing endpoint 'gRPC - /UnityILPP.PostProcessing/Ping'
info: Microsoft.AspNetCore.Routing.EndpointMiddleware[1]
      Executed endpoint 'gRPC - /UnityILPP.PostProcessing/Ping'
info: Microsoft.AspNetCore.Hosting.Diagnostics[2]
      Request finished HTTP/2 POST http://ilpp/UnityILPP.PostProcessing/Ping - 200 - application/grpc 0.3237ms
Starting: C:\Program Files\Unity\Hub\Editor\6000.5.8f1\Editor\Data\Tools\BuildPipeline\bee_backend.exe --ipc --defer-dag-verification --dagfile="Library/Bee/1900b0aESkipCompile.dag" --continue-on-failure --profile="Library/Bee/backend1.traceevents" ScriptAssembliesAndTypeDB
WorkingDir: C:/Users/Admin/Downloads/PRJ 3in1 Goc/PRJ 3in1 Goc
ExitCode: 0 Duration: 0s58ms
*** Tundra build success (0.02 seconds), 0 items updated, 3 evaluated
Total cache size 11730608
Total cache size after purge 11730608, took 00:00:00.0254593
Importing 'GUID: 6077c9a6298fd04438204c4614fec03e - Path: Assets/OPS/Obfuscator/Log/StandaloneWindows64.txt' with importer (TextScriptImporter)
Imported 'GUID: 6077c9a6298fd04438204c4614fec03e' -> (Import Result ID: 'e5afd9548ceca096240f5b9b586b1845') in 0.005 seconds [static dependencies only]. Details - ImportResultOutputID=fcfc4b01b1acd3c7dc4db7cc2d8acc9d DependenciesID=525c55bd318a93765ef7b3f009dd8914 StaticDependenciesID=724562690b2792a0331bcec10bc6d7b0 
Asset Pipeline Refresh (id=59b93a87190274f479df44aeedef11f5): Total: 0.061 seconds - Initiated by RefreshV2(NoUpdateAssetOptions)
[ScriptCompilation] Requested script compilation because: Recompiling scripts for player build.
BuildPlayer: start building target 19
info: Microsoft.AspNetCore.Hosting.Diagnostics[1]
      Request starting HTTP/2 POST http://ilpp/UnityILPP.PostProcessing/Ping - application/grpc -
info: Microsoft.AspNetCore.Routing.EndpointMiddleware[0]
      Executing endpoint 'gRPC - /UnityILPP.PostProcessing/Ping'
info: Microsoft.AspNetCore.Routing.EndpointMiddleware[1]
      Executed endpoint 'gRPC - /UnityILPP.PostProcessing/Ping'
info: Microsoft.AspNetCore.Hosting.Diagnostics[2]
      Request finished HTTP/2 POST http://ilpp/UnityILPP.PostProcessing/Ping - 200 - application/grpc 0.3592ms
Starting: C:\Program Files\Unity\Hub\Editor\6000.5.8f1\Editor\Data\Tools\BuildPipeline\bee_backend.exe --ipc --defer-dag-verification --dagfile="Library/Bee/1900b0aP.dag" --continue-on-failure --profile="Library/Bee/backend1.traceevents" ScriptAssembliesAndTypeDB
WorkingDir: C:/Users/Admin/Downloads/PRJ 3in1 Goc/PRJ 3in1 Goc
Starting: C:\Program Files\Unity\Hub\Editor\6000.5.8f1\Editor\Data\netcorerun\netcorerun.exe "C:\Program Files\Unity\Hub\Editor\6000.5.8f1\Editor\Data\Tools\BuildPipeline\ScriptCompilationBuildProgram.exe" "Library/Bee/1900b0aP.dag.json" "Library/Bee/1900b0aP-inputdata.json" "Library\Bee\buildprogram0.traceevents"
WorkingDir: C:/Users/Admin/Downloads/PRJ 3in1 Goc/PRJ 3in1 Goc
ExitCode: 4 Duration: 0s432ms
[123/137    0s] CopyFiles Library/Bee/PlayerScriptAssemblies/Unity.InternalAPIEngineBridge.004.dll
[124/137    0s] CopyFiles Library/Bee/PlayerScriptAssemblies/UnityEngine.UI.pdb
[125/137    0s] CopyFiles Library/Bee/PlayerScriptAssemblies/Unity.Multiplayer.Center.Common.pdb
[126/137    0s] CopyFiles Library/Bee/PlayerScriptAssemblies/Assembly-CSharp.dll
[127/137    0s] CopyFiles Library/Bee/PlayerScriptAssemblies/OPS.Obfuscator.pdb
[128/137    0s] CopyFiles Library/Bee/PlayerScriptAssemblies/Assembly-CSharp.pdb
[129/137    0s] CopyFiles Library/Bee/PlayerScriptAssemblies/Unity.InternalAPIEngineBridge.004.pdb
[130/137    0s] CopyFiles Library/Bee/PlayerScriptAssemblies/Unity.TextMeshPro.pdb
[131/137    0s] CopyFiles Library/Bee/PlayerScriptAssemblies/OPS.Obfuscator.dll
[132/137    0s] CopyFiles Library/Bee/PlayerScriptAssemblies/Unity.Multiplayer.Center.Common.dll
[133/137    0s] CopyFiles Library/Bee/PlayerScriptAssemblies/UnityEngine.UI.dll
[134/137    0s] CopyFiles Library/Bee/PlayerScriptAssemblies/Unity.TextMeshPro.dll
Rebuilding DAG because FileSignature timestamp changed: Library/Bee/1900b0aP-inputdata.json
*** Tundra requires additional run (0.41 seconds), 12 items updated, 135 evaluated
ExitCode: 0 Duration: 0s553ms
Starting: C:\Program Files\Unity\Hub\Editor\6000.5.8f1\Editor\Data\Tools\BuildPipeline\bee_backend.exe --ipc --defer-dag-verification --dagfile="Library/Bee/1900b0aP.dag" --continue-on-failure --dagfilejson="Library\Bee\1900b0aP.dag.json" --profile="Library/Bee/backend2.traceevents" ScriptAssembliesAndTypeDB
WorkingDir: C:/Users/Admin/Downloads/PRJ 3in1 Goc/PRJ 3in1 Goc
Assets\Scripts\Controller.cs(8,14): warning CS0618: 'UxmlAttributeDescription' is obsolete: 'UxmlTraits system is deprecated and will be removed. Use UxmlElementAttribute instead.'
Assets\Scripts\Controller.cs(100,30): warning CS0168: The variable 'ex' is declared but never used
Assets\Scripts\Controller.cs(104,26): warning CS0168: The variable 'ex2' is declared but never used
Assets\Scripts\Session_ME.cs(325,21): warning CS1998: This async method lacks 'await' operators and will run synchronously. Consider using the 'await' operator to await non-blocking API calls, or 'await Task.Run(...)' to do CPU-bound work on a background thread.
Assets\Scripts\ipKeyboard.cs(28,22): warning CS0618: 'TouchScreenKeyboard.done' is obsolete: 'Property done is deprecated, use status instead'
Assets\Scripts\ModFunc.cs(2458,18): warning CS0618: 'Resolution.refreshRate' is obsolete: 'Resolution.refreshRate is obsolete. Use refreshRateRatio instead.'
Assets\Scripts\myReader.cs(106,4): warning CS0675: Bitwise-or operator used on a sign-extended operand; consider casting to a smaller unsigned type first
Assets\Scripts\Char.cs(6955,9): warning CS0472: The result of the expression is always 'true' since a value of type 'int' is never equal to 'null' of type 'int?'
Assets\Scripts\Controller.cs(4336,42): warning CS0168: The variable 'ex28' is declared but never used
Assets\Scripts\Controller.cs(4562,26): warning CS0168: The variable 'ex40' is declared but never used
Assets\Scripts\QuaNapTuan.cs(25,30): warning CS0414: The field 'QuaNapTuan.GRID_COLUMNS' is assigned but its value is never used
Assets\Scripts\GameScr.cs(737,14): warning CS0414: The field 'GameScr.maxSizeRow' is assigned but its value is never used
Assets\Scripts\Panel.cs(498,15): warning CS0414: The field 'Panel.wantUpdateList' is assigned but its value is never used
Assets\Scripts\Char.cs(967,14): warning CS0414: The field 'Char.per' is assigned but its value is never used
Assets\Scripts\Panel.cs(506,14): warning CS0414: The field 'Panel.keyToundGD' is assigned but its value is never used
Assets\Scripts\SoundMn.cs(14,21): warning CS0414: The field 'SoundMn.MAX_VOLUME' is assigned but its value is never used
Assets\Scripts\QuayTamBao.cs(19,30): warning CS0414: The field 'QuayTamBao.BOX_INFO_WIDTH' is assigned but its value is never used
Assets\Scripts\GameScr.cs(735,14): warning CS0414: The field 'GameScr.Hitem' is assigned but its value is never used
Assets\Scripts\QuaNapTuan.cs(23,30): warning CS0414: The field 'QuaNapTuan.ITEM_SPACING' is assigned but its value is never used
Assets\Scripts\GameCanvas.cs(185,22): warning CS0414: The field 'GameCanvas.isShowErrorForm' is assigned but its value is never used
Assets\Scripts\QuayTamBao.cs(7,30): warning CS0414: The field 'QuayTamBao.ITEM_THUONG_START' is assigned but its value is never used
Assets\Scripts\NewBoss.cs(25,15): warning CS0414: The field 'NewBoss.flyUp' is assigned but its value is never used
Assets\Scripts\QuaNapTuan.cs(21,30): warning CS0414: The field 'QuaNapTuan.ITEM_BOX_SIZE' is assigned but its value is never used
Assets\Scripts\Char.cs(841,15): warning CS0414: The field 'Char.isSoundJump' is assigned but its value is never used
Assets\Scripts\QuayTamBao.cs(9,30): warning CS0414: The field 'QuayTamBao.ITEM_THUONG_END' is assigned but its value is never used
Assets\Scripts\GameCanvas.cs(303,14): warning CS0414: The field 'GameCanvas.count' is assigned but its value is never used
Assets\Scripts\Char.cs(731,14): warning CS0414: The field 'Char.indexUseSkill' is assigned but its value is never used
Assets\Scripts\MotherCanvas.cs(9,14): warning CS0414: The field 'MotherCanvas.OUTPUTSIZE' is assigned but its value is never used
Assets\Scripts\QuayTamBao.cs(11,30): warning CS0414: The field 'QuayTamBao.TOTAL_RATE' is assigned but its value is never used
Assets\Scripts\FireWorkEff.cs(29,21): warning CS0414: The field 'FireWorkEff.ymax' is assigned but its value is never used
Assets\Scripts\Char.cs(969,14): warning CS0414: The field 'Char.per_tem' is assigned but its value is never used
Assets\Scripts\TabClanIcon.cs(41,15): warning CS0414: The field 'TabClanIcon.isUpdate' is assigned but its value is never used
Assets\Scripts\ChatTextField.cs(29,15): warning CS0414: The field 'ChatTextField.isPublic' is assigned but its value is never used
Assets\Scripts\Panel.cs(580,15): warning CS0414: The field 'Panel.isUp' is assigned but its value is never used
Assets\Scripts\Mob.cs(206,14): warning CS0414: The field 'Mob.color' is assigned but its value is never used
Assets\Scripts\Panel.cs(504,14): warning CS0414: The field 'Panel.keyTouchLock' is assigned but its value is never used
Assets\Scripts\Menu.cs(61,15): warning CS0414: The field 'Menu.wantUpdateList' is assigned but its value is never used
Assets\Scripts\FireWorkEff.cs(13,21): warning CS0414: The field 'FireWorkEff.f' is assigned but its value is never used
Assets\Scripts\QuayTamBao.cs(21,30): warning CS0414: The field 'QuayTamBao.BOX_INFO_HEIGHT' is assigned but its value is never used
Assets\Scripts\ModFunc.cs(75,22): warning CS0414: The field 'ModFunc.lastTimeLog' is assigned but its value is never used
ExitCode: 0 Duration: 7s809ms
Finished compiling graph: 138 nodes, 852 flattened edges (800 ToBuild, 12 ToUse), maximum node priority 59
[           0s] Delete 82 artifact files that are no longer in use. (like Library\Bee\artifacts\mvdfrm\UnityEngine.dll_BF1C4861D3E8971B.mvfrm)
[  1/137    0s] MovedFromExtractor Library/Bee/artifacts/mvdfrm/UnityEngine.GIModule.dll_0C58C2F236940FFC.mvfrm
[  2/137    0s] MovedFromExtractor Library/Bee/artifacts/mvdfrm/UnityEngine.GraphicsStateCollectionSerializerModule.dll_B7DD7507DC2BFD40.mvfrm
[  3/137    0s] MovedFromExtractor Library/Bee/artifacts/mvdfrm/UnityEngine.DirectorModule.dll_BD8461D8F52046D6.mvfrm
[  4/137    0s] MovedFromExtractor Library/Bee/artifacts/mvdfrm/UnityEngine.ClusterRendererModule.dll_31E3859B5C3FA757.mvfrm
[  5/137    0s] MovedFromExtractor Library/Bee/artifacts/mvdfrm/UnityEngine.CrashReportingModule.dll_6D4D34E98879FBB1.mvfrm
[  6/137    0s] MovedFromExtractor Library/Bee/artifacts/mvdfrm/UnityEngine.DSPGraphModule.dll_C2D5C342678117F7.mvfrm
[  7/137    0s] MovedFromExtractor Library/Bee/artifacts/mvdfrm/UnityEngine.GameCenterModule.dll_454BE2795D86CF91.mvfrm
[  8/137    0s] MovedFromExtractor Library/Bee/artifacts/mvdfrm/UnityEngine.HierarchyCoreModule.dll_39ADBEF90469760E.mvfrm
[  9/137    0s] MovedFromExtractor Library/Bee/artifacts/mvdfrm/UnityEngine.ContentLoadModule.dll_8E6F69368209F899.mvfrm
[ 10/137    0s] MovedFromExtractor Library/Bee/artifacts/mvdfrm/UnityEngine.GridModule.dll_F3B238D31E243870.mvfrm
[ 12/137    0s] MovedFromExtractor Library/Bee/artifacts/mvdfrm/UnityEngine.WindModule.dll_8C8FF80D970620E2.mvfrm
[ 14/137    0s] MovedFromExtractor Library/Bee/artifacts/mvdfrm/UnityEngine.ClusterInputModule.dll_ABAFB6AE1D145FCA.mvfrm
[ 15/137    0s] MovedFromExtractor Library/Bee/artifacts/mvdfrm/UnityEngine.ARModule.dll_2D8F3EE7F80286AB.mvfrm
[ 16/137    0s] MovedFromExtractor Library/Bee/artifacts/mvdfrm/UnityEngine.ClothModule.dll_43104FD45C0D9614.mvfrm
[ 17/137    0s] MovedFromExtractor Library/Bee/artifacts/mvdfrm/UnityEngine.TLSModule.dll_18E1D9A692BF1095.mvfrm
[ 18/137    0s] MovedFromExtractor Library/Bee/artifacts/mvdfrm/UnityEngine.dll_9D1C579A5A5D1DCC.mvfrm
[ 19/137    0s] MovedFromExtractor Library/Bee/artifacts/mvdfrm/UnityEngine.AIModule.dll_741C79E49AE527E2.mvfrm
[ 20/137    0s] MovedFromExtractor Library/Bee/artifacts/mvdfrm/UnityEngine.AnimationModule.dll_34F9098E850FF5BE.mvfrm
[ 21/137    0s] MovedFromExtractor Library/Bee/artifacts/mvdfrm/UnityEngine.AudioModule.dll_DC27F2D981F0B730.mvfrm
[ 22/137    0s] MovedFromExtractor Library/Bee/artifacts/mvdfrm/UnityEngine.AccessibilityModule.dll_C293221E95BC1D18.mvfrm
[ 23/137    0s] MovedFromExtractor Library/Bee/artifacts/mvdfrm/UnityEngine.AssetBundleModule.dll_F5590FF5B38750AC.mvfrm
[ 24/137    0s] MovedFromExtractor Library/Bee/artifacts/mvdfrm/UnityEngine.XRModule.dll_F521019C22210064.mvfrm
[ 25/137    0s] MovedFromExtractor Library/Bee/artifacts/mvdfrm/UnityEngine.AdaptivePerformanceModule.dll_6B20C4888D6094E4.mvfrm
[ 26/137    0s] MovedFromExtractor Library/Bee/artifacts/mvdfrm/UnityEngine.AndroidJNIModule.dll_1AFE985E9745DEA0.mvfrm
[ 27/137    0s] MovedFromExtractor Library/Bee/artifacts/mvdfrm/UnityEngine.VehiclesModule.dll_35475B586F4A1671.mvfrm
[ 28/137    0s] MovedFromExtractor Library/Bee/artifacts/mvdfrm/UnityEngine.VideoModule.dll_013177444482D2D5.mvfrm
[ 29/137    0s] MovedFromExtractor Library/Bee/artifacts/mvdfrm/UnityEngine.UnityWebRequestTextureModule.dll_7C5811429CC1CAA5.mvfrm
[ 30/137    0s] MovedFromExtractor Library/Bee/artifacts/mvdfrm/UnityEngine.UnityWebRequestWWWModule.dll_6D36F1490427ED61.mvfrm
[ 31/137    0s] MovedFromExtractor Library/Bee/artifacts/mvdfrm/UnityEngine.VirtualTexturingModule.dll_322DCEF61DA61FD7.mvfrm
[ 32/137    0s] MovedFromExtractor Library/Bee/artifacts/mvdfrm/UnityEngine.VFXModule.dll_99C07215692C7A02.mvfrm
[ 33/137    0s] MovedFromExtractor Library/Bee/artifacts/mvdfrm/UnityEngine.VectorGraphicsModule.dll_57A6B46A8891FD88.mvfrm
[ 34/137    0s] MovedFromExtractor Library/Bee/artifacts/mvdfrm/UnityEngine.UnityWebRequestAudioModule.dll_66D2B14D9BB0BAD0.mvfrm
[ 35/137    0s] MovedFromExtractor Library/Bee/artifacts/mvdfrm/UnityEngine.UnityWebRequestAssetBundleModule.dll_A9855FE7DE82F04C.mvfrm
[ 36/137    0s] MovedFromExtractor Library/Bee/artifacts/mvdfrm/UnityEngine.UnityWebRequestModule.dll_AF748AF5E958F9CA.mvfrm
[ 37/137    0s] MovedFromExtractor Library/Bee/artifacts/mvdfrm/Unity.Scripting.dll_E5D624D48B5B1853.mvfrm
[ 38/137    0s] MovedFromExtractor Library/Bee/artifacts/mvdfrm/UnityEngine.UnityCurlModule.dll_6815AABFF523E7AB.mvfrm
[ 39/137    0s] MovedFromExtractor Library/Bee/artifacts/mvdfrm/UnityEngine.UnityConnectModule.dll_1972C5A766148DAF.mvfrm
[ 40/137    0s] MovedFromExtractor Library/Bee/artifacts/mvdfrm/UnityEngine.UnityConsentModule.dll_EB185CD3731F23FF.mvfrm
[ 41/137    0s] MovedFromExtractor Library/Bee/artifacts/mvdfrm/UnityEngine.U2DRuntimeModule.dll_6A020C321D99C32B.mvfrm
[ 42/137    0s] MovedFromExtractor Library/Bee/artifacts/mvdfrm/UnityEngine.UnityAnalyticsCommonModule.dll_8A151AB32F2E8E96.mvfrm
[ 43/137    0s] MovedFromExtractor Library/Bee/artifacts/mvdfrm/UnityEngine.UnityAnalyticsModule.dll_DFFEEEFFA2B2D93B.mvfrm
[ 44/137    0s] MovedFromExtractor Library/Bee/artifacts/mvdfrm/UnityEngine.UmbraModule.dll_56FC9EF20F1762A3.mvfrm
[ 45/137    0s] MovedFromExtractor Library/Bee/artifacts/mvdfrm/UnityEngine.UIModule.dll_6F901811F72C2D8E.mvfrm
[ 46/137    0s] MovedFromExtractor Library/Bee/artifacts/mvdfrm/UnityEngine.TilemapModule.dll_D8F19B419A0751F8.mvfrm
[ 47/137    0s] MovedFromExtractor Library/Bee/artifacts/mvdfrm/UnityEngine.TextRenderingModule.dll_65D1CAEA609B29F9.mvfrm
[ 48/137    0s] MovedFromExtractor Library/Bee/artifacts/mvdfrm/UnityEngine.TerrainPhysicsModule.dll_C0DA27090FCE81CC.mvfrm
[ 49/137    0s] MovedFromExtractor Library/Bee/artifacts/mvdfrm/UnityEngine.TextCoreFontEngineModule.dll_5A8C757B84E477D7.mvfrm
[ 50/137    0s] MovedFromExtractor Library/Bee/artifacts/mvdfrm/UnityEngine.SubstanceModule.dll_C6390B281FEAAB0A.mvfrm
[ 51/137    0s] MovedFromExtractor Library/Bee/artifacts/mvdfrm/UnityEngine.TerrainModule.dll_39F533C0824A70EF.mvfrm
[ 52/137    0s] MovedFromExtractor Library/Bee/artifacts/mvdfrm/UnityEngine.UIElementsModule.dll_9D641CD3506A8915.mvfrm
[ 53/137    0s] MovedFromExtractor Library/Bee/artifacts/mvdfrm/UnityEngine.StreamingModule.dll_E98DF6DED497ACFC.mvfrm
[ 54/137    0s] MovedFromExtractor Library/Bee/artifacts/mvdfrm/UnityEngine.TextCoreTextEngineModule.dll_A274ABED146830F5.mvfrm
[ 55/137    0s] MovedFromExtractor Library/Bee/artifacts/mvdfrm/UnityEngine.SubsystemsModule.dll_9925BB6B4D3E4D1E.mvfrm
[ 56/137    0s] MovedFromExtractor Library/Bee/artifacts/mvdfrm/UnityEngine.SpriteMaskModule.dll_2E7855097EF6650B.mvfrm
[ 57/137    0s] MovedFromExtractor Library/Bee/artifacts/mvdfrm/UnityEngine.SpriteShapeModule.dll_0EBA3D50692988B6.mvfrm
[ 58/137    0s] MovedFromExtractor Library/Bee/artifacts/mvdfrm/UnityEngine.CoreModule.dll_16411CE505CFA279.mvfrm
[ 59/137    0s] MovedFromExtractor Library/Bee/artifacts/mvdfrm/UnityEngine.SharedInternalsModule.dll_21E6C22155925A9B.mvfrm
[ 60/137    0s] MovedFromExtractor Library/Bee/artifacts/mvdfrm/UnityEngine.ShaderVariantAnalyticsModule.dll_3D122EF3488E0620.mvfrm
[ 61/137    0s] MovedFromExtractor Library/Bee/artifacts/mvdfrm/UnityEngine.RuntimeInitializeOnLoadManagerInitializerModule.dll_C4747A2BBA4D841C.mvfrm
[ 62/137    0s] MovedFromExtractor Library/Bee/artifacts/mvdfrm/UnityEngine.ScriptingModule.dll_4C1A62550497A471.mvfrm
[ 63/137    0s] MovedFromExtractor Library/Bee/artifacts/mvdfrm/UnityEngine.RenderAs2DModule.dll_B3BEE43DAFCC7E04.mvfrm
[ 64/137    0s] MovedFromExtractor Library/Bee/artifacts/mvdfrm/UnityEngine.ScreenCaptureModule.dll_3C9258DFA963AA04.mvfrm
[ 65/137    0s] MovedFromExtractor Library/Bee/artifacts/mvdfrm/UnityEngine.PropertiesModule.dll_728721B7D07233CD.mvfrm
[ 66/137    0s] MovedFromExtractor Library/Bee/artifacts/mvdfrm/UnityEngine.PhysicsBackendPhysXModule.dll_4534AC15701CD7A3.mvfrm
[ 67/137    0s] MovedFromExtractor Library/Bee/artifacts/mvdfrm/UnityEngine.PhysicsModule.dll_1FAEB851AC8C2801.mvfrm
[ 68/137    0s] MovedFromExtractor Library/Bee/artifacts/mvdfrm/UnityEngine.PhysicsCore2DModule.dll_B056F9C9F4611202.mvfrm
[ 69/137    0s] MovedFromExtractor Library/Bee/artifacts/mvdfrm/UnityEngine.PerformanceReportingModule.dll_EED65D6F1545F038.mvfrm
[ 70/137    0s] MovedFromExtractor Library/Bee/artifacts/mvdfrm/UnityEngine.Physics2DModule.dll_819EF97F260CED53.mvfrm
[ 71/137    0s] MovedFromExtractor Library/Bee/artifacts/mvdfrm/UnityEngine.ParticleSystemModule.dll_C05F7E35F68B873F.mvfrm
[ 72/137    0s] MovedFromExtractor Library/Bee/artifacts/mvdfrm/UnityEngine.MultiplayerModule.dll_75012C826C4EDE24.mvfrm
[ 73/137    0s] MovedFromExtractor Library/Bee/artifacts/mvdfrm/UnityEngine.MarshallingModule.dll_9DC1AE8A97AF7DFE.mvfrm
[ 74/137    0s] WriteText Library/Bee/artifacts/1900b0aP.dag/UnityEngine.UI.dll.mvfrm.rsp
[ 75/137    0s] WriteText Library/Bee/artifacts/1900b0aP.dag/UnityEngine.UI.rsp
[ 78/137    0s] WriteText Library/Bee/artifacts/1900b0aP.dag/Unity.InternalAPIEngineBridge.004.dll.mvfrm.rsp
[ 79/137    0s] WriteText Library/Bee/artifacts/1900b0aP.dag/Unity.InternalAPIEngineBridge.004.rsp
[ 84/137    0s] WriteText Library/Bee/artifacts/1900b0aP.dag/Unity.TextMeshPro.dll.mvfrm.rsp
[ 85/137    0s] WriteText Library/Bee/artifacts/1900b0aP.dag/Unity.Multiplayer.Center.Common.dll.mvfrm.rsp
[ 86/137    0s] WriteText Library/Bee/artifacts/1900b0aP.dag/Unity.TextMeshPro.rsp
[ 87/137    0s] WriteText Library/Bee/artifacts/1900b0aP.dag/Unity.Multiplayer.Center.Common.rsp
[ 90/137    0s] WriteText Library/Bee/artifacts/1900b0aP.dag/OPS.Obfuscator.dll.mvfrm.rsp
[ 91/137    0s] WriteText Library/Bee/artifacts/1900b0aP.dag/OPS.Obfuscator.rsp
[ 94/137    0s] WriteText Library/Bee/artifacts/1900b0aP.dag/Assembly-CSharp.dll.mvfrm.rsp
[ 95/137    0s] WriteText Library/Bee/artifacts/1900b0aP.dag/Assembly-CSharp.rsp
[ 96/137    0s] MovedFromExtractor Library/Bee/artifacts/mvdfrm/UnityEngine.JSONSerializeModule.dll_22AAAB5A94F77DA2.mvfrm
[ 97/137    0s] MovedFromExtractor Library/Bee/artifacts/mvdfrm/UnityEngine.MathematicsModule.dll_1A6DBDCF27FF47E0.mvfrm
[ 98/137    0s] MovedFromExtractor Library/Bee/artifacts/mvdfrm/UnityEngine.LocalizationModule.dll_E9FC8100B49052C3.mvfrm
[ 99/137    0s] MovedFromExtractor Library/Bee/artifacts/mvdfrm/UnityEngine.InputModule.dll_429DBA89F828DBD4.mvfrm
[100/137    0s] MovedFromExtractor Library/Bee/artifacts/mvdfrm/UnityEngine.InsightsModule.dll_574B2A697F9D9655.mvfrm
[101/137    0s] MovedFromExtractor Library/Bee/artifacts/mvdfrm/UnityEngine.InputLegacyModule.dll_869E2B144B79069D.mvfrm
[102/137    0s] MovedFromExtractor Library/Bee/artifacts/mvdfrm/UnityEngine.ImageConversionModule.dll_9DD5834BDE645F4B.mvfrm
[103/137    0s] MovedFromExtractor Library/Bee/artifacts/mvdfrm/UnityEngine.IdentifiersModule.dll_CDE297EB76001EC4.mvfrm
[104/137    0s] MovedFromExtractor Library/Bee/artifacts/mvdfrm/UnityEngine.HotReloadModule.dll_B641C79460431140.mvfrm
[105/137    0s] MovedFromExtractor Library/Bee/artifacts/mvdfrm/UnityEngine.InputForUIModule.dll_47FE3C92BDA76C4D.mvfrm
[106/137    0s] MovedFromExtractor Library/Bee/artifacts/mvdfrm/UnityEngine.IMGUIModule.dll_1487924048224B11.mvfrm
[107/137    0s] MovedFromExtractor-Combine Library/Bee/artifacts/1900b0aP.dag/UnityEngine.UI.dll.mvfrm
[           0s] Csc Library/Bee/artifacts/1900b0aP.dag/UnityEngine.UI.dll (+2 others) [CacheMiss f99ee06eb40d51bf38a16ace3d67a91d00000000000000000000000000000006]
[108/137    1s] Csc Library/Bee/artifacts/1900b0aP.dag/UnityEngine.UI.dll (+2 others)
[           0s] Csc Library/Bee/artifacts/1900b0aP.dag/UnityEngine.UI.dll (+2 others) [CacheWrite f99ee06eb40d51bf38a16ace3d67a91d00000000000000000000000000000006]
[110/137    0s] CopyFiles Library/Bee/PlayerScriptAssemblies/UnityEngine.UI.pdb
[111/137    0s] CopyFiles Library/Bee/PlayerScriptAssemblies/UnityEngine.UI.dll
[112/137    0s] MovedFromExtractor-Combine Library/Bee/artifacts/1900b0aP.dag/Unity.InternalAPIEngineBridge.004.dll.mvfrm
[113/137    0s] MovedFromExtractor-Combine Library/Bee/artifacts/1900b0aP.dag/OPS.Obfuscator.dll.mvfrm
[114/137    0s] MovedFromExtractor-Combine Library/Bee/artifacts/1900b0aP.dag/Unity.Multiplayer.Center.Common.dll.mvfrm
[           0s] Csc Library/Bee/artifacts/1900b0aP.dag/Unity.InternalAPIEngineBridge.004.dll (+2 others) [CacheMiss b6974eaf68244d5d3312f2807f916b7c00000000000000000000000000000006]
[           0s] Csc Library/Bee/artifacts/1900b0aP.dag/Unity.Multiplayer.Center.Common.dll (+2 others) [CacheMiss 8d474315d28de15a98ab0e8f287e4fa100000000000000000000000000000006]
[115/137    0s] Csc Library/Bee/artifacts/1900b0aP.dag/OPS.Obfuscator.dll (+2 others)
[116/137    0s] CopyFiles Library/Bee/PlayerScriptAssemblies/OPS.Obfuscator.pdb
[117/137    0s] CopyFiles Library/Bee/PlayerScriptAssemblies/OPS.Obfuscator.dll
[118/137    0s] Csc Library/Bee/artifacts/1900b0aP.dag/Unity.InternalAPIEngineBridge.004.dll (+2 others)
[119/137    0s] Csc Library/Bee/artifacts/1900b0aP.dag/Unity.Multiplayer.Center.Common.dll (+2 others)
[           0s] Csc Library/Bee/artifacts/1900b0aP.dag/Unity.InternalAPIEngineBridge.004.dll (+2 others) [CacheWrite b6974eaf68244d5d3312f2807f916b7c00000000000000000000000000000006]
[121/137    0s] CopyFiles Library/Bee/PlayerScriptAssemblies/Unity.InternalAPIEngineBridge.004.pdb
[122/137    0s] CopyFiles Library/Bee/PlayerScriptAssemblies/Unity.InternalAPIEngineBridge.004.dll
[           0s] Csc Library/Bee/artifacts/1900b0aP.dag/Unity.Multiplayer.Center.Common.dll (+2 others) [CacheWrite 8d474315d28de15a98ab0e8f287e4fa100000000000000000000000000000006]
[124/137    0s] CopyFiles Library/Bee/PlayerScriptAssemblies/Unity.Multiplayer.Center.Common.dll
[125/137    0s] CopyFiles Library/Bee/PlayerScriptAssemblies/Unity.Multiplayer.Center.Common.pdb
[126/137    0s] MovedFromExtractor-Combine Library/Bee/artifacts/1900b0aP.dag/Unity.TextMeshPro.dll.mvfrm
[           0s] Csc Library/Bee/artifacts/1900b0aP.dag/Unity.TextMeshPro.dll (+2 others) [CacheMiss 59f2230dbe06dd431a41f0b2b6379bdf00000000000000000000000000000006]
[127/137    1s] Csc Library/Bee/artifacts/1900b0aP.dag/Unity.TextMeshPro.dll (+2 others)
[           0s] Csc Library/Bee/artifacts/1900b0aP.dag/Unity.TextMeshPro.dll (+2 others) [CacheWrite 59f2230dbe06dd431a41f0b2b6379bdf00000000000000000000000000000006]
[129/137    0s] CopyFiles Library/Bee/PlayerScriptAssemblies/Unity.TextMeshPro.pdb
[130/137    0s] CopyFiles Library/Bee/PlayerScriptAssemblies/Unity.TextMeshPro.dll
[131/137    0s] MovedFromExtractor-Combine Library/Bee/artifacts/1900b0aP.dag/Assembly-CSharp.dll.mvfrm
[132/137    1s] Csc Library/Bee/artifacts/1900b0aP.dag/Assembly-CSharp.dll (+2 others)
Assets\Scripts\Controller.cs(8,14): warning CS0618: 'UxmlAttributeDescription' is obsolete: 'UxmlTraits system is deprecated and will be removed. Use UxmlElementAttribute instead.'

Assets\Scripts\Controller.cs(100,30): warning CS0168: The variable 'ex' is declared but never used

Assets\Scripts\Controller.cs(104,26): warning CS0168: The variable 'ex2' is declared but never used

Assets\Scripts\Session_ME.cs(325,21): warning CS1998: This async method lacks 'await' operators and will run synchronously. Consider using the 'await' operator to await non-blocking API calls, or 'await Task.Run(...)' to do CPU-bound work on a background thread.

Assets\Scripts\ipKeyboard.cs(28,22): warning CS0618: 'TouchScreenKeyboard.done' is obsolete: 'Property done is deprecated, use status instead'

Assets\Scripts\ModFunc.cs(2458,18): warning CS0618: 'Resolution.refreshRate' is obsolete: 'Resolution.refreshRate is obsolete. Use refreshRateRatio instead.'

Assets\Scripts\myReader.cs(106,4): warning CS0675: Bitwise-or operator used on a sign-extended operand; consider casting to a smaller unsigned type first

Assets\Scripts\Char.cs(6955,9): warning CS0472: The result of the expression is always 'true' since a value of type 'int' is never equal to 'null' of type 'int?'

Assets\Scripts\Controller.cs(4336,42): warning CS0168: The variable 'ex28' is declared but never used

Assets\Scripts\Controller.cs(4562,26): warning CS0168: The variable 'ex40' is declared but never used

Assets\Scripts\QuaNapTuan.cs(25,30): warning CS0414: The field 'QuaNapTuan.GRID_COLUMNS' is assigned but its value is never used

Assets\Scripts\GameScr.cs(737,14): warning CS0414: The field 'GameScr.maxSizeRow' is assigned but its value is never used

Assets\Scripts\Panel.cs(498,15): warning CS0414: The field 'Panel.wantUpdateList' is assigned but its value is never used

Assets\Scripts\Char.cs(967,14): warning CS0414: The field 'Char.per' is assigned but its value is never used

Assets\Scripts\Panel.cs(506,14): warning CS0414: The field 'Panel.keyToundGD' is assigned but its value is never used

Assets\Scripts\SoundMn.cs(14,21): warning CS0414: The field 'SoundMn.MAX_VOLUME' is assigned but its value is never used

Assets\Scripts\QuayTamBao.cs(19,30): warning CS0414: The field 'QuayTamBao.BOX_INFO_WIDTH' is assigned but its value is never used

Assets\Scripts\GameScr.cs(735,14): warning CS0414: The field 'GameScr.Hitem' is assigned but its value is never used

Assets\Scripts\QuaNapTuan.cs(23,30): warning CS0414: The field 'QuaNapTuan.ITEM_SPACING' is assigned but its value is never used

Assets\Scripts\GameCanvas.cs(185,22): warning CS0414: The field 'GameCanvas.isShowErrorForm' is assigned but its value is never used

Assets\Scripts\QuayTamBao.cs(7,30): warning CS0414: The field 'QuayTamBao.ITEM_THUONG_START' is assigned but its value is never used

Assets\Scripts\NewBoss.cs(25,15): warning CS0414: The field 'NewBoss.flyUp' is assigned but its value is never used

Assets\Scripts\QuaNapTuan.cs(21,30): warning CS0414: The field 'QuaNapTuan.ITEM_BOX_SIZE' is assigned but its value is never used

Assets\Scripts\Char.cs(841,15): warning CS0414: The field 'Char.isSoundJump' is assigned but its value is never used

Assets\Scripts\QuayTamBao.cs(9,30): warning CS0414: The field 'QuayTamBao.ITEM_THUONG_END' is assigned but its value is never used

Assets\Scripts\GameCanvas.cs(303,14): warning CS0414: The field 'GameCanvas.count' is assigned but its value is never used

Assets\Scripts\Char.cs(731,14): warning CS0414: The field 'Char.indexUseSkill' is assigned but its value is never used

Assets\Scripts\MotherCanvas.cs(9,14): warning CS0414: The field 'MotherCanvas.OUTPUTSIZE' is assigned but its value is never used

Assets\Scripts\QuayTamBao.cs(11,30): warning CS0414: The field 'QuayTamBao.TOTAL_RATE' is assigned but its value is never used

Assets\Scripts\FireWorkEff.cs(29,21): warning CS0414: The field 'FireWorkEff.ymax' is assigned but its value is never used

Assets\Scripts\Char.cs(969,14): warning CS0414: The field 'Char.per_tem' is assigned but its value is never used

Assets\Scripts\TabClanIcon.cs(41,15): warning CS0414: The field 'TabClanIcon.isUpdate' is assigned but its value is never used

Assets\Scripts\ChatTextField.cs(29,15): warning CS0414: The field 'ChatTextField.isPublic' is assigned but its value is never used

Assets\Scripts\Panel.cs(580,15): warning CS0414: The field 'Panel.isUp' is assigned but its value is never used

Assets\Scripts\Mob.cs(206,14): warning CS0414: The field 'Mob.color' is assigned but its value is never used

Assets\Scripts\Panel.cs(504,14): warning CS0414: The field 'Panel.keyTouchLock' is assigned but its value is never used

Assets\Scripts\Menu.cs(61,15): warning CS0414: The field 'Menu.wantUpdateList' is assigned but its value is never used

Assets\Scripts\FireWorkEff.cs(13,21): warning CS0414: The field 'FireWorkEff.f' is assigned but its value is never used

Assets\Scripts\QuayTamBao.cs(21,30): warning CS0414: The field 'QuayTamBao.BOX_INFO_HEIGHT' is assigned but its value is never used

Assets\Scripts\ModFunc.cs(75,22): warning CS0414: The field 'ModFunc.lastTimeLog' is assigned but its value is never used
[133/137    0s] CopyFiles Library/Bee/PlayerScriptAssemblies/Assembly-CSharp.pdb
[134/137    0s] CopyFiles Library/Bee/PlayerScriptAssemblies/Assembly-CSharp.dll
[136/137    0s] BuildPlayerDataGenerator Library/BuildPlayerData/Player/RuntimeInitializeOnLoads.json (+1 other)
*** Tundra build success (7.78 seconds), 119 items updated, 137 evaluated
Total cache size 13006824
Total cache size after purge 13006824, took 00:00:00.0209615
Rebuilding Data files because ProjectSettings/ProjectSettings.asset is dirty (hash)
[Licensing::Client] Successfully resolved entitlement details


Mono dependencies included in the build
Dependency assembly - System.Text.Encodings.Web.dll
Dependency assembly - System.Net.Sockets.dll
Dependency assembly - System.ServiceModel.Discovery.dll
Dependency assembly - System.Web.DynamicData.dll
Dependency assembly - System.Security.Principal.Windows.dll
Dependency assembly - System.Net.Ping.dll
Dependency assembly - System.Security.Cryptography.Encryption.Aes.dll
Dependency assembly - System.Text.Json.dll
Dependency assembly - System.Net.AuthenticationManager.dll
Dependency assembly - System.Numerics.Vectors.dll
Dependency assembly - System.ServiceModel.Routing.dll
Dependency assembly - System.ServiceProcess.ServiceController.dll
Dependency assembly - Unity.InternalAPIEngineBridge.004.dll
Dependency assembly - System.Runtime.InteropServices.dll
Dependency assembly - System.Collections.Concurrent.dll
Dependency assembly - System.Xml.Serialization.dll
Dependency assembly - System.Xml.dll
Dependency assembly - System.IO.FileSystem.Watcher.dll
Dependency assembly - System.Security.dll
Dependency assembly - System.Reflection.DispatchProxy.dll
Dependency assembly - System.Collections.Immutable.dll
Dependency assembly - System.Xml.XPath.XDocument.dll
Dependency assembly - System.Net.Primitives.dll
Dependency assembly - Microsoft.Win32.Primitives.dll
Dependency assembly - System.Numerics.dll
Dependency assembly - System.IO.FileSystem.dll
Dependency assembly - System.Collections.NonGeneric.dll
Dependency assembly - System.Linq.Queryable.dll
Dependency assembly - System.Security.Cryptography.Encryption.dll
Dependency assembly - I18N.dll
Dependency assembly - System.Runtime.Numerics.dll
Dependency assembly - System.Security.Cryptography.RSA.dll
Dependency assembly - System.Data.dll
Dependency assembly - System.ComponentModel.Primitives.dll
Dependency assembly - System.Linq.dll
Dependency assembly - System.ServiceModel.Activation.dll
Dependency assembly - System.Security.Cryptography.Pkcs.dll
Dependency assembly - System.Threading.Thread.dll
Dependency assembly - System.Runtime.InteropServices.WindowsRuntime.dll
Dependency assembly - System.Resources.Reader.dll
Dependency assembly - System.Web.dll
Dependency assembly - Assembly-CSharp.dll
Dependency assembly - System.Diagnostics.Tools.dll
Dependency assembly - System.Runtime.Remoting.dll
Dependency assembly - System.IO.dll
Dependency assembly - System.Security.Cryptography.Encryption.ECDsa.dll
Dependency assembly - System.DirectoryServices.dll
Dependency assembly - System.Threading.dll
Dependency assembly - System.Diagnostics.Process.dll
Dependency assembly - System.Diagnostics.TextWriterTraceListener.dll
Dependency assembly - System.Transactions.dll
Dependency assembly - System.Xaml.dll
Dependency assembly - System.Runtime.Handles.dll
Dependency assembly - System.Security.Cryptography.Encoding.dll
Dependency assembly - System.Text.RegularExpressions.dll
Dependency assembly - Microsoft.Extensions.Logging.Abstractions.dll
Dependency assembly - Microsoft.CSharp.dll
Dependency assembly - System.ObjectModel.dll
Dependency assembly - System.Threading.Tasks.Parallel.dll
Dependency assembly - System.IO.Pipes.dll
Dependency assembly - System.Messaging.dll
Dependency assembly - System.Net.Utilities.dll
Dependency assembly - System.Security.Cryptography.Hashing.Algorithms.dll
Dependency assembly - I18N.MidEast.dll
Dependency assembly - System.Runtime.Serialization.Primitives.dll
Dependency assembly - System.ServiceModel.Duplex.dll
Dependency assembly - System.Data.Services.dll
Dependency assembly - System.Dynamic.Runtime.dll
Dependency assembly - System.Windows.dll
Dependency assembly - System.Globalization.Calendars.dll
Dependency assembly - System.Security.Principal.dll
Dependency assembly - System.Globalization.Extensions.dll
Dependency assembly - System.Diagnostics.FileVersionInfo.dll
Dependency assembly - System.Xml.XDocument.dll
Dependency assembly - System.ValueTuple.dll
Dependency assembly - System.Security.Cryptography.DeriveBytes.dll
Dependency assembly - System.Text.Encoding.CodePages.dll
Dependency assembly - System.Net.NameResolution.dll
Dependency assembly - System.Runtime.dll
Dependency assembly - System.Diagnostics.StackTrace.dll
Dependency assembly - System.Threading.Timer.dll
Dependency assembly - System.Security.SecureString.dll
Dependency assembly - System.Data.OracleClient.dll
Dependency assembly - System.Net.dll
Dependency assembly - System.Resources.ReaderWriter.dll
Dependency assembly - System.Net.WebSockets.dll
Dependency assembly - System.Reflection.Primitives.dll
Dependency assembly - System.Xml.XPath.dll
Dependency assembly - Mono.Security.dll
Dependency assembly - System.Core.dll
Dependency assembly - System.Net.WebHeaderCollection.dll
Dependency assembly - System.Security.Cryptography.Encryption.ECDiffieHellman.dll
Dependency assembly - System.Xml.Linq.dll
Dependency assembly - System.Configuration.Install.dll
Dependency assembly - System.Reflection.TypeExtensions.dll
Dependency assembly - System.Security.Cryptography.Primitives.dll
Dependency assembly - System.Threading.Tasks.Extensions.dll
Dependency assembly - System.IO.UnmanagedMemoryStream.dll
Dependency assembly - System.Diagnostics.Contracts.dll
Dependency assembly - System.Xml.XmlDocument.dll
Dependency assembly - System.Reflection.dll
Dependency assembly - System.Runtime.Serialization.Formatters.dll
Dependency assembly - Microsoft.Extensions.DependencyInjection.Abstractions.dll
Dependency assembly - OPS.Obfuscator.dll
Dependency assembly - System.IO.Compression.ZipFile.dll
Dependency assembly - System.Net.Http.dll
Dependency assembly - System.Linq.Parallel.dll
Dependency assembly - System.Data.Services.Client.dll
Dependency assembly - System.Diagnostics.Tracing.dll
Dependency assembly - System.ServiceModel.dll
Dependency assembly - System.Buffers.dll
Dependency assembly - mscorlib.dll
Dependency assembly - System.IO.Compression.FileSystem.dll
Dependency assembly - Mono.Data.Sqlite.dll
Dependency assembly - System.IO.Compression.dll
Dependency assembly - System.Runtime.DurableInstancing.dll
Dependency assembly - System.Diagnostics.DiagnosticSource.dll
Dependency assembly - System.IdentityModel.Selectors.dll
Dependency assembly - System.EnterpriseServices.dll
Dependency assembly - System.IO.FileSystem.DriveInfo.dll
Dependency assembly - netstandard.dll
Dependency assembly - System.Runtime.Serialization.Xml.dll
Dependency assembly - System.Drawing.dll
Dependency assembly - System.Collections.Specialized.dll
Dependency assembly - System.Management.dll
Dependency assembly - System.Web.Services.dll
Dependency assembly - System.Reflection.Emit.Lightweight.dll
Dependency assembly - System.Web.Extensions.dll
Dependency assembly - System.Console.dll
Dependency assembly - System.ComponentModel.DataAnnotations.dll
Dependency assembly - System.Text.Encoding.dll
Dependency assembly - System.Data.Common.dll
Dependency assembly - System.AppContext.dll
Dependency assembly - System.Reflection.Emit.dll
Dependency assembly - System.Net.Mail.dll
Dependency assembly - System.Security.Cryptography.OpenSsl.dll
Dependency assembly - System.Security.Cryptography.RandomNumberGenerator.dll
Dependency assembly - System.Threading.AccessControl.dll
Dependency assembly - System.Reflection.Metadata.dll
Dependency assembly - System.IO.FileSystem.AccessControl.dll
Dependency assembly - System.ServiceModel.Http.dll
Dependency assembly - Unity.Multiplayer.Center.Common.dll
Dependency assembly - System.IdentityModel.dll
Dependency assembly - OPS.Serialization.Json.dll
Dependency assembly - System.Diagnostics.TraceEvent.dll
Dependency assembly - System.Runtime.CompilerServices.Unsafe.dll
Dependency assembly - System.Net.NetworkInformation.dll
Dependency assembly - Microsoft.Win32.Registry.AccessControl.dll
Dependency assembly - System.Xml.ReaderWriter.dll
Dependency assembly - UnityEngine.UI.dll
Dependency assembly - System.ServiceModel.Internals.dll
Dependency assembly - System.Reflection.Extensions.dll
Dependency assembly - System.Net.Http.WebRequest.dll
Dependency assembly - System.ComponentModel.Annotations.dll
Dependency assembly - System.Globalization.dll
Dependency assembly - System.Xml.XmlSerializer.dll
Dependency assembly - System.Diagnostics.Debug.dll
Dependency assembly - System.IO.IsolatedStorage.dll
Dependency assembly - System.Collections.dll
Dependency assembly - System.Security.Cryptography.ProtectedData.dll
Dependency assembly - System.Text.Encoding.Extensions.dll
Dependency assembly - Mono.Data.Tds.dll
Dependency assembly - System.Resources.ResourceManager.dll
Dependency assembly - System.Reflection.Context.dll
Dependency assembly - System.Drawing.Primitives.dll
Dependency assembly - System.Xml.Xsl.Primitives.dll
Dependency assembly - Unity.TextMeshPro.dll
Dependency assembly - System.Linq.Expressions.dll
Dependency assembly - System.Runtime.Extensions.dll
Dependency assembly - System.Web.Extensions.Design.dll
Dependency assembly - System.DirectoryServices.Protocols.dll
Dependency assembly - Microsoft.Win32.Registry.dll
Dependency assembly - System.Threading.ThreadPool.dll
Dependency assembly - System.Xml.XPath.XmlDocument.dll
Dependency assembly - I18N.Other.dll
Dependency assembly - System.Json.dll
Dependency assembly - System.Data.DataSetExtensions.dll
Dependency assembly - System.Memory.dll
Dependency assembly - System.Security.Cryptography.X509Certificates.dll
Dependency assembly - Microsoft.Bcl.AsyncInterfaces.dll
Dependency assembly - System.Web.RegularExpressions.dll
Dependency assembly - System.Net.HttpListener.dll
Dependency assembly - System.Net.ServicePoint.dll
Dependency assembly - System.Runtime.Serialization.Json.dll
Dependency assembly - System.Resources.Writer.dll
Dependency assembly - System.IO.FileSystem.Primitives.dll
Dependency assembly - System.Runtime.Loader.dll
Dependency assembly - System.Data.Entity.dll
Dependency assembly - System.Net.Cache.dll
Dependency assembly - System.ServiceProcess.dll
Dependency assembly - I18N.CJK.dll
Dependency assembly - System.ServiceModel.Web.dll
Dependency assembly - System.Data.Linq.dll
Dependency assembly - System.Security.Cryptography.Algorithms.dll
Dependency assembly - System.Security.Claims.dll
Dependency assembly - System.Threading.Tasks.dll
Dependency assembly - System.Net.Security.dll
Dependency assembly - System.Runtime.Serialization.Formatters.Soap.dll
Dependency assembly - System.ComponentModel.dll
Dependency assembly - System.Net.WebSockets.Client.dll
Dependency assembly - I18N.Rare.dll
Dependency assembly - System.Diagnostics.TraceSource.dll
Dependency assembly - System.Configuration.dll
Dependency assembly - System.Security.Cryptography.Csp.dll
Dependency assembly - System.IO.Hashing.dll
Dependency assembly - System.Runtime.CompilerServices.VisualC.dll
Dependency assembly - System.Runtime.Serialization.dll
Dependency assembly - I18N.West.dll
Dependency assembly - System.ComponentModel.Composition.dll
Dependency assembly - System.Design.dll
Dependency assembly - Accessibility.dll
Dependency assembly - System.ServiceModel.NetTcp.dll
Dependency assembly - System.ServiceModel.Primitives.dll
Dependency assembly - System.Runtime.InteropServices.RuntimeInformation.dll
Dependency assembly - System.Drawing.Design.dll
Dependency assembly - System.Reflection.Emit.ILGeneration.dll
Dependency assembly - System.Runtime.Caching.dll
Dependency assembly - System.Data.SqlClient.dll
Dependency assembly - System.Threading.Overlapped.dll
Dependency assembly - System.Security.AccessControl.dll
Dependency assembly - System.IO.MemoryMappedFiles.dll
Dependency assembly - System.Windows.Forms.dll
Dependency assembly - System.Web.ApplicationServices.dll
Dependency assembly - System.Security.Cryptography.Hashing.dll
Dependency assembly - System.Windows.Forms.DataVisualization.dll
Dependency assembly - System.dll
Dependency assembly - System.ComponentModel.TypeConverter.dll
Dependency assembly - System.Net.Requests.dll
Dependency assembly - System.Security.Cryptography.Cng.dll
Dependency assembly - System.ServiceModel.Security.dll
Dependency assembly - System.ComponentModel.EventBasedAsync.dll

Calling OnPostBuildPlayerScriptDLLs callbacks. For faster build speeds, consider not using this callback, as we don't need to copy assemblies to the staging area for the incremental player build otherwise.
[OPS.OBF] Obfuscate...
UnityEngine.Debug:ExtractStackTraceNoAlloc (byte*,int,string)
UnityEngine.StackTraceUtility:ExtractStackTrace ()
UnityEngine.DebugLogHandler:Internal_Log (UnityEngine.LogType,UnityEngine.LogOption,string,UnityEngine.Object)
UnityEngine.DebugLogHandler:LogFormat (UnityEngine.LogType,UnityEngine.Object,string,object[])
UnityEngine.Logger:Log (UnityEngine.LogType,object)
UnityEngine.Debug:Log (object)
OPS.Obfuscator.Editor.Obfuscator:PostAssemblyBuild (OPS.Obfuscator.Editor.Settings.Unity.Editor.EditorSettings,OPS.Obfuscator.Editor.Settings.Unity.Build.BuildSettings)
OPS.Obfuscator.BuildPostProcessor:OnPostBuildPlayerScriptDLLs (UnityEditor.Build.Reporting.BuildReport) (at Assets/OPS/Obfuscator/Editor/BuildPostProcessor.cs:90)
UnityEditor.Build.BuildPipelineInterfaces:OnPostBuildPlayerScriptDLLs (UnityEditor.Build.Reporting.BuildReport)
UnityEditor.BuildPipeline:BuildPlayerInternal (string[],string,string,UnityEditor.BuildTargetGroup,UnityEditor.BuildTarget,int,UnityEditor.BuildOptions,string[],string[],bool)
UnityEditor.BuildPipeline:BuildPlayerFromUI (UnityEditor.BuildPlayerOptions,bool)
UnityEditor.BuildPlayerWindow/DefaultBuildMethods:BuildPlayer (UnityEditor.BuildPlayerOptions)
UnityEditor.BuildPlayerWindow:CallBuildMethods (bool,UnityEditor.BuildOptions)
UnityEditor.Build.Profile.BuildProfileModuleUtil:CallInternalBuildMethods (bool,UnityEditor.BuildOptions)
UnityEditor.Build.Profile.BuildProfileWindow/<>c__DisplayClass55_0:<OnBuildButtonClicked>b__0 ()
UnityEditor.EditorApplication:Internal_CallDelayFunctions ()

(Filename: Assets/OPS/Obfuscator/Editor/BuildPostProcessor.cs Line: 90)

[OPS.OBF] Obfuscated names: Of 201 Namespaces 0%, of 221 Types 0%, of 2602 Methods 0%, of 4851 Fields 0%, of 5 Properties 0%, of 0 Events 100%.
UnityEngine.Debug:ExtractStackTraceNoAlloc (byte*,int,string)
UnityEngine.StackTraceUtility:ExtractStackTrace ()
UnityEngine.DebugLogHandler:Internal_Log (UnityEngine.LogType,UnityEngine.LogOption,string,UnityEngine.Object)
UnityEngine.DebugLogHandler:LogFormat (UnityEngine.LogType,UnityEngine.Object,string,object[])
UnityEngine.Logger:Log (UnityEngine.LogType,object)
UnityEngine.Debug:Log (object)
OPS.Obfuscator.Editor.Project.PostAssemblyBuild.Pipeline.PostAssemblyBuildPipeline:OnProcessPipeline ()
OPS.Editor.Project.Pipeline.APipeline:ProcessPipeline (OPS.Editor.Project.Step.IStepInput,OPS.Editor.Project.Step.IStepOutput)
OPS.Editor.Project.Step.AStep`2<OPS.Obfuscator.Editor.Project.PreBuild.PreBuildOutput, OPS.Obfuscator.Editor.Project.PostAssemblyBuild.PostAssemblyBuildOutput>:Process (OPS.Editor.Project.Step.IStepInput)
OPS.Editor.Project.Step.AStep`2<OPS.Obfuscator.Editor.Project.PreBuild.PreBuildOutput, OPS.Obfuscator.Editor.Project.PostAssemblyBuild.PostAssemblyBuildOutput>:OPS.Editor.Project.Step.IStep.Process (OPS.Editor.Project.Step.IStepInput)
OPS.Editor.Project.AProject:RunStep (OPS.Editor.Project.Step.IStep)
OPS.Obfuscator.Editor.Obfuscator:PostAssemblyBuild (OPS.Obfuscator.Editor.Settings.Unity.Editor.EditorSettings,OPS.Obfuscator.Editor.Settings.Unity.Build.BuildSettings)
OPS.Obfuscator.BuildPostProcessor:OnPostBuildPlayerScriptDLLs (UnityEditor.Build.Reporting.BuildReport) (at Assets/OPS/Obfuscator/Editor/BuildPostProcessor.cs:90)
UnityEditor.Build.BuildPipelineInterfaces:OnPostBuildPlayerScriptDLLs (UnityEditor.Build.Reporting.BuildReport)
UnityEditor.BuildPipeline:BuildPlayerInternal (string[],string,string,UnityEditor.BuildTargetGroup,UnityEditor.BuildTarget,int,UnityEditor.BuildOptions,string[],string[],bool)
UnityEditor.BuildPipeline:BuildPlayerFromUI (UnityEditor.BuildPlayerOptions,bool)
UnityEditor.BuildPlayerWindow/DefaultBuildMethods:BuildPlayer (UnityEditor.BuildPlayerOptions)
UnityEditor.BuildPlayerWindow:CallBuildMethods (bool,UnityEditor.BuildOptions)
UnityEditor.Build.Profile.BuildProfileModuleUtil:CallInternalBuildMethods (bool,UnityEditor.BuildOptions)
UnityEditor.Build.Profile.BuildProfileWindow/<>c__DisplayClass55_0:<OnBuildButtonClicked>b__0 ()
UnityEditor.EditorApplication:Internal_CallDelayFunctions ()

(Filename: Assets/OPS/Obfuscator/Editor/BuildPostProcessor.cs Line: 90)

[OPS.OBF] Finished obfuscation!
UnityEngine.Debug:ExtractStackTraceNoAlloc (byte*,int,string)
UnityEngine.StackTraceUtility:ExtractStackTrace ()
UnityEngine.DebugLogHandler:Internal_Log (UnityEngine.LogType,UnityEngine.LogOption,string,UnityEngine.Object)
UnityEngine.DebugLogHandler:LogFormat (UnityEngine.LogType,UnityEngine.Object,string,object[])
UnityEngine.Logger:Log (UnityEngine.LogType,object)
UnityEngine.Debug:Log (object)
OPS.Obfuscator.Editor.Project.PostAssemblyBuild.PostAssemblyBuildStep:PostProcess (OPS.Obfuscator.Editor.Project.PostAssemblyBuild.PostAssemblyBuildOutput)
OPS.Editor.Project.Step.AStep`2<OPS.Obfuscator.Editor.Project.PreBuild.PreBuildOutput, OPS.Obfuscator.Editor.Project.PostAssemblyBuild.PostAssemblyBuildOutput>:Process (OPS.Editor.Project.Step.IStepInput)
OPS.Editor.Project.Step.AStep`2<OPS.Obfuscator.Editor.Project.PreBuild.PreBuildOutput, OPS.Obfuscator.Editor.Project.PostAssemblyBuild.PostAssemblyBuildOutput>:OPS.Editor.Project.Step.IStep.Process (OPS.Editor.Project.Step.IStepInput)
OPS.Editor.Project.AProject:RunStep (OPS.Editor.Project.Step.IStep)
OPS.Obfuscator.Editor.Obfuscator:PostAssemblyBuild (OPS.Obfuscator.Editor.Settings.Unity.Editor.EditorSettings,OPS.Obfuscator.Editor.Settings.Unity.Build.BuildSettings)
OPS.Obfuscator.BuildPostProcessor:OnPostBuildPlayerScriptDLLs (UnityEditor.Build.Reporting.BuildReport) (at Assets/OPS/Obfuscator/Editor/BuildPostProcessor.cs:90)
UnityEditor.Build.BuildPipelineInterfaces:OnPostBuildPlayerScriptDLLs (UnityEditor.Build.Reporting.BuildReport)
UnityEditor.BuildPipeline:BuildPlayerInternal (string[],string,string,UnityEditor.BuildTargetGroup,UnityEditor.BuildTarget,int,UnityEditor.BuildOptions,string[],string[],bool)
UnityEditor.BuildPipeline:BuildPlayerFromUI (UnityEditor.BuildPlayerOptions,bool)
UnityEditor.BuildPlayerWindow/DefaultBuildMethods:BuildPlayer (UnityEditor.BuildPlayerOptions)
UnityEditor.BuildPlayerWindow:CallBuildMethods (bool,UnityEditor.BuildOptions)
UnityEditor.Build.Profile.BuildProfileModuleUtil:CallInternalBuildMethods (bool,UnityEditor.BuildOptions)
UnityEditor.Build.Profile.BuildProfileWindow/<>c__DisplayClass55_0:<OnBuildButtonClicked>b__0 ()
UnityEditor.EditorApplication:Internal_CallDelayFunctions ()

(Filename: Assets/OPS/Obfuscator/Editor/BuildPostProcessor.cs Line: 90)

Importing 'GUID: 6077c9a6298fd04438204c4614fec03e - Path: Assets/OPS/Obfuscator/Log/StandaloneWindows64.txt' with importer (TextScriptImporter)
Imported 'GUID: 6077c9a6298fd04438204c4614fec03e' -> (Import Result ID: 'beb7ec170c28b1fce47dc3a631bdc430') in 0.003 seconds [static dependencies only]. Details - ImportResultOutputID=6d7388f677c343238ad63e1b82d8c4df DependenciesID=bff2bf3e596d6adbfeca4c48a8816830 StaticDependenciesID=0f8aedd0bcd13bf3c8fd0cf9bca285ad 
Asset Pipeline Refresh (id=4c3491b5adac2d847a48afd2e0715095): Total: 0.059 seconds - Initiated by RefreshV2(NoUpdateAssetOptions)
SpriteAtlasPacking completed in 0.059653 sec
Opening scene 'Assets/Scenes/SampleScene.unity'
Unloading 36 unused Assets / (0.7 MB). Loaded Objects now: 3237.
Memory consumption went from 0.50 GB to 0.50 GB.
Total: 18.324100 ms (FindLiveObjects: 0.479100 ms CreateObjectMapping: 0.188900 ms MarkObjects: 17.229800 ms  DeleteObjects: 0.424900 ms)

Unloading 3 Unused Serialized files (Serialized files now loaded: 0)
Loaded scene 'Assets/Scenes/SampleScene.unity'
	Deserialize:            0.898 ms
	Integration:            16.703 ms
	Integration of assets:  0.001 ms
	Thread Wait Time:       0.079 ms
	Total Operation Time:   17.681 ms
Unloading 1 unused Assets / (1.0 KB). Loaded Objects now: 3235.
Memory consumption went from 495.7 MB to 495.7 MB.
Total: 18.474700 ms (FindLiveObjects: 0.443500 ms CreateObjectMapping: 0.188900 ms MarkObjects: 17.809000 ms  DeleteObjects: 0.032000 ms)

Script attached to 'VideoManager' in scene 'Assets/Scenes/SampleScene.unity' is missing or no valid script is attached.
UnityEngine.Debug:ExtractStackTraceNoAlloc (byte*,int,string)
UnityEngine.StackTraceUtility:ExtractStackTrace ()
UnityEditor.BuildPipeline:BuildPlayerInternal (string[],string,string,UnityEditor.BuildTargetGroup,UnityEditor.BuildTarget,int,UnityEditor.BuildOptions,string[],string[],bool)
UnityEditor.BuildPipeline:BuildPlayerFromUI (UnityEditor.BuildPlayerOptions,bool)
UnityEditor.BuildPlayerWindow/DefaultBuildMethods:BuildPlayer (UnityEditor.BuildPlayerOptions)
UnityEditor.BuildPlayerWindow:CallBuildMethods (bool,UnityEditor.BuildOptions)
UnityEditor.Build.Profile.BuildProfileModuleUtil:CallInternalBuildMethods (bool,UnityEditor.BuildOptions)
UnityEditor.Build.Profile.BuildProfileWindow/<>c__DisplayClass55_0:<OnBuildButtonClicked>b__0 ()
UnityEditor.EditorApplication:Internal_CallDelayFunctions ()

[C:\build\output\unity\unity\Runtime\Mono\ManagedMonoBehaviourRef.cpp line 188]

Unloading 2631 Unused Serialized files (Serialized files now loaded: 0)
Unloading 4867 unused Assets / (194.2 MB). Loaded Objects now: 3230.
Memory consumption went from 1.01 GB to 0.82 GB.
Total: 30.747200 ms (FindLiveObjects: 0.663500 ms CreateObjectMapping: 1.253300 ms MarkObjects: 15.818700 ms  DeleteObjects: 13.009800 ms)

Unloading 0 Unused Serialized files (Serialized files now loaded: 0)
Unloading 0 unused Assets / (0 B). Loaded Objects now: 3230.
Memory consumption went from 0.82 GB to 0.82 GB.
Total: 15.442000 ms (FindLiveObjects: 0.362400 ms CreateObjectMapping: 0.164600 ms MarkObjects: 14.903600 ms  DeleteObjects: 0.010100 ms)

Unloading 1 Unused Serialized files (Serialized files now loaded: 0)
Unloading 175 unused Assets / (150.9 MB). Loaded Objects now: 3230.
Memory consumption went from 0.64 GB to 508.2 MB.
Total: 39.170100 ms (FindLiveObjects: 0.509000 ms CreateObjectMapping: 0.338400 ms MarkObjects: 18.929400 ms  DeleteObjects: 19.391400 ms)

Request Asset Garbage Collect because used heap size increased from 508.4 MB to 1.00 GB, exceeding the threshold of 256.0 MB.
Unloading 2628 Unused Serialized files (Serialized files now loaded: 0)
Unloading 4787 unused Assets / (186.0 MB). Loaded Objects now: 3230.
Memory consumption went from 1.00 GB to 0.82 GB.
Total: 34.637000 ms (FindLiveObjects: 0.621500 ms CreateObjectMapping: 1.328000 ms MarkObjects: 14.484700 ms  DeleteObjects: 18.201100 ms)

Compiling shader "Legacy Shaders/VertexLit"
  Pass "" (vp)
    Target graphics API: d3d11
    Full variant space:         12
    After settings filtering:   12
    After built-in stripping:   3
    After scriptable stripping: 3
    Processed in 0.01 seconds
  Pass "" (fp)
    Target graphics API: d3d11
    Full variant space:         12
    After settings filtering:   12
    After built-in stripping:   3
    After scriptable stripping: 3
    Processed in 0.00 seconds
  Pass "" (vp)
    Target graphics API: d3d11
    Full variant space:         4
    After settings filtering:   4
    After built-in stripping:   1
    After scriptable stripping: 1
    Processed in 0.00 seconds
  Pass "" (fp)
    Target graphics API: d3d11
    Full variant space:         4
    After settings filtering:   4
    After built-in stripping:   1
    After scriptable stripping: 1
    Processed in 0.00 seconds
  Pass "ShadowCaster" (vp)
    Target graphics API: d3d11
    Full variant space:         4
    After settings filtering:   4
    After built-in stripping:   2
    After scriptable stripping: 2
    Processed in 0.00 seconds
  Pass "ShadowCaster" (fp)
    Target graphics API: d3d11
    Full variant space:         4
    After settings filtering:   4
    After built-in stripping:   2
    After scriptable stripping: 2
    Processed in 0.00 seconds
  Pass  (vp, d3d11) finished in 0.01 seconds. Local cache hits 3 (0.03s CPU time), remote cache hits 0 (0.00s CPU time), compiled 0 variants (0.00s CPU time), skipped 0 variants.
    Prepared data for serialisation in 0.00s
  Pass  (fp, d3d11) finished in 0.01 seconds. Local cache hits 3 (0.03s CPU time), remote cache hits 0 (0.00s CPU time), compiled 0 variants (0.00s CPU time), skipped 0 variants.
    Prepared data for serialisation in 0.00s
  Pass  (vp, d3d11) finished in 0.01 seconds. Local cache hits 1 (0.01s CPU time), remote cache hits 0 (0.00s CPU time), compiled 0 variants (0.00s CPU time), skipped 0 variants.
    Prepared data for serialisation in 0.00s
  Pass  (fp, d3d11) finished in 0.01 seconds. Local cache hits 1 (0.01s CPU time), remote cache hits 0 (0.00s CPU time), compiled 0 variants (0.00s CPU time), skipped 0 variants.
    Prepared data for serialisation in 0.00s
  Pass ShadowCaster (vp, d3d11) finished in 0.01 seconds. Local cache hits 2 (0.02s CPU time), remote cache hits 0 (0.00s CPU time), compiled 0 variants (0.00s CPU time), skipped 0 variants.
    Prepared data for serialisation in 0.00s
  Pass ShadowCaster (fp, d3d11) finished in 0.01 seconds. Local cache hits 2 (0.02s CPU time), remote cache hits 0 (0.00s CPU time), compiled 0 variants (0.00s CPU time), skipped 0 variants.
    Prepared data for serialisation in 0.00s
Serialized binary data for shader Legacy Shaders/VertexLit in 0.00s
    d3d11 (total internal programs: 12, unique: 12)
Compiling shader "Legacy Shaders/Diffuse"
  Pass "FORWARD" (vp)
    Target graphics API: d3d11
    Full variant space:         664
    After settings filtering:   664
    After built-in stripping:   8
    After scriptable stripping: 8
    Processed in 0.00 seconds
  Pass "FORWARD" (fp)
    Target graphics API: d3d11
    Full variant space:         504
    After settings filtering:   504
    After built-in stripping:   4
    After scriptable stripping: 4
    Processed in 0.00 seconds
  Pass "FORWARD" (vp)
    Target graphics API: d3d11
    Full variant space:         20
    After settings filtering:   20
    After built-in stripping:   5
    After scriptable stripping: 5
    Processed in 0.00 seconds
  Pass "FORWARD" (fp)
    Target graphics API: d3d11
    Full variant space:         20
    After settings filtering:   20
    After built-in stripping:   5
    After scriptable stripping: 5
    Processed in 0.00 seconds
  Pass "DEFERRED" (vp)
    Target graphics API: d3d11
    Full variant space:         76
    After settings filtering:   76
    After built-in stripping:   4
    After scriptable stripping: 4
    Processed in 0.00 seconds
  Pass "DEFERRED" (fp)
    Target graphics API: d3d11
    Full variant space:         76
    After settings filtering:   76
    After built-in stripping:   4
    After scriptable stripping: 4
    Processed in 0.00 seconds
  Pass FORWARD (vp, d3d11) finished in 0.01 seconds. Local cache hits 8 (0.08s CPU time), remote cache hits 0 (0.00s CPU time), compiled 0 variants (0.00s CPU time), skipped 0 variants.
    Prepared data for serialisation in 0.00s
  Pass FORWARD (fp, d3d11) finished in 0.02 seconds. Local cache hits 4 (0.04s CPU time), remote cache hits 0 (0.00s CPU time), compiled 0 variants (0.00s CPU time), skipped 0 variants.
    Prepared data for serialisation in 0.00s
  Pass FORWARD (vp, d3d11) finished in 0.02 seconds. Local cache hits 5 (0.06s CPU time), remote cache hits 0 (0.00s CPU time), compiled 0 variants (0.00s CPU time), skipped 0 variants.
    Prepared data for serialisation in 0.00s
  Pass FORWARD (fp, d3d11) finished in 0.02 seconds. Local cache hits 5 (0.04s CPU time), remote cache hits 0 (0.00s CPU time), compiled 0 variants (0.00s CPU time), skipped 0 variants.
    Prepared data for serialisation in 0.00s
  Pass DEFERRED (vp, d3d11) finished in 0.01 seconds. Local cache hits 4 (0.04s CPU time), remote cache hits 0 (0.00s CPU time), compiled 0 variants (0.00s CPU time), skipped 0 variants.
    Prepared data for serialisation in 0.00s
  Pass DEFERRED (fp, d3d11) finished in 0.03 seconds. Local cache hits 4 (0.06s CPU time), remote cache hits 0 (0.00s CPU time), compiled 0 variants (0.00s CPU time), skipped 0 variants.
    Prepared data for serialisation in 0.00s
Serialized binary data for shader Legacy Shaders/Diffuse in 0.00s
    d3d11 (total internal programs: 30, unique: 30)
Compiling shader "Hidden/Internal-StencilWrite"
  Pass "" (vp)
    Target graphics API: d3d11
    Full variant space:         1
    After settings filtering:   1
    After built-in stripping:   1
    After scriptable stripping: 1
    Processed in 0.00 seconds
  Pass "" (fp)
    Target graphics API: d3d11
    Full variant space:         1
    After settings filtering:   1
    After built-in stripping:   1
    After scriptable stripping: 1
    Processed in 0.00 seconds
  Pass  (vp, d3d11) finished in 0.01 seconds. Local cache hits 1 (0.01s CPU time), remote cache hits 0 (0.00s CPU time), compiled 0 variants (0.00s CPU time), skipped 0 variants.
    Prepared data for serialisation in 0.00s
  Pass  (fp, d3d11) finished in 0.01 seconds. Local cache hits 1 (0.01s CPU time), remote cache hits 0 (0.00s CPU time), compiled 0 variants (0.00s CPU time), skipped 0 variants.
    Prepared data for serialisation in 0.00s
Serialized binary data for shader Hidden/Internal-StencilWrite in 0.00s
    d3d11 (total internal programs: 2, unique: 2)
Compiling shader "Hidden/Internal-DepthNormalsTexture"
  Pass "" (vp)
    Target graphics API: d3d11
    Full variant space:         1
    After settings filtering:   1
    After built-in stripping:   1
    After scriptable stripping: 1
    Processed in 0.00 seconds
  Pass "" (fp)
    Target graphics API: d3d11
    Full variant space:         1
    After settings filtering:   1
    After built-in stripping:   1
    After scriptable stripping: 1
    Processed in 0.00 seconds
  Pass "" (vp)
    Target graphics API: d3d11
    Full variant space:         1
    After settings filtering:   1
    After built-in stripping:   1
    After scriptable stripping: 1
    Processed in 0.00 seconds
  Pass "" (fp)
    Target graphics API: d3d11
    Full variant space:         1
    After settings filtering:   1
    After built-in stripping:   1
    After scriptable stripping: 1
    Processed in 0.00 seconds
  Pass "" (vp)
    Target graphics API: d3d11
    Full variant space:         1
    After settings filtering:   1
    After built-in stripping:   1
    After scriptable stripping: 1
    Processed in 0.00 seconds
  Pass "" (fp)
    Target graphics API: d3d11
    Full variant space:         1
    After settings filtering:   1
    After built-in stripping:   1
    After scriptable stripping: 1
    Processed in 0.00 seconds
  Pass "" (vp)
    Target graphics API: d3d11
    Full variant space:         1
    After settings filtering:   1
    After built-in stripping:   1
    After scriptable stripping: 1
    Processed in 0.00 seconds
  Pass "" (fp)
    Target graphics API: d3d11
    Full variant space:         1
    After settings filtering:   1
    After built-in stripping:   1
    After scriptable stripping: 1
    Processed in 0.00 seconds
  Pass "" (vp)
    Target graphics API: d3d11
    Full variant space:         1
    After settings filtering:   1
    After built-in stripping:   1
    After scriptable stripping: 1
    Processed in 0.00 seconds
  Pass "" (fp)
    Target graphics API: d3d11
    Full variant space:         1
    After settings filtering:   1
    After built-in stripping:   1
    After scriptable stripping: 1
    Processed in 0.00 seconds
  Pass "" (vp)
    Target graphics API: d3d11
    Full variant space:         1
    After settings filtering:   1
    After built-in stripping:   1
    After scriptable stripping: 1
    Processed in 0.00 seconds
  Pass "" (fp)
    Target graphics API: d3d11
    Full variant space:         1
    After settings filtering:   1
    After built-in stripping:   1
    After scriptable stripping: 1
    Processed in 0.00 seconds
  Pass "" (vp)
    Target graphics API: d3d11
    Full variant space:         1
    After settings filtering:   1
    After built-in stripping:   1
    After scriptable stripping: 1
    Processed in 0.00 seconds
  Pass "" (fp)
    Target graphics API: d3d11
    Full variant space:         1
    After settings filtering:   1
    After built-in stripping:   1
    After scriptable stripping: 1
    Processed in 0.00 seconds
  Pass "" (vp)
    Target graphics API: d3d11
    Full variant space:         1
    After settings filtering:   1
    After built-in stripping:   1
    After scriptable stripping: 1
    Processed in 0.00 seconds
  Pass "" (fp)
    Target graphics API: d3d11
    Full variant space:         1
    After settings filtering:   1
    After built-in stripping:   1
    After scriptable stripping: 1
    Processed in 0.00 seconds
  Pass "" (vp)
    Target graphics API: d3d11
    Full variant space:         1
    After settings filtering:   1
    After built-in stripping:   1
    After scriptable stripping: 1
    Processed in 0.00 seconds
  Pass "" (fp)
    Target graphics API: d3d11
    Full variant space:         1
    After settings filtering:   1
    After built-in stripping:   1
    After scriptable stripping: 1
    Processed in 0.00 seconds
  Pass "" (vp)
    Target graphics API: d3d11
    Full variant space:         1
    After settings filtering:   1
    After built-in stripping:   1
    After scriptable stripping: 1
    Processed in 0.00 seconds
  Pass "" (fp)
    Target graphics API: d3d11
    Full variant space:         1
    After settings filtering:   1
    After built-in stripping:   1
    After scriptable stripping: 1
    Processed in 0.00 seconds
  Pass  (vp, d3d11) finished in 0.01 seconds. Local cache hits 1 (0.01s CPU time), remote cache hits 0 (0.00s CPU time), compiled 0 variants (0.00s CPU time), skipped 0 variants.
    Prepared data for serialisation in 0.00s
  Pass  (fp, d3d11) finished in 0.01 seconds. Local cache hits 1 (0.01s CPU time), remote cache hits 0 (0.00s CPU time), compiled 0 variants (0.00s CPU time), skipped 0 variants.
    Prepared data for serialisation in 0.00s
  Pass  (vp, d3d11) finished in 0.01 seconds. Local cache hits 1 (0.01s CPU time), remote cache hits 0 (0.00s CPU time), compiled 0 variants (0.00s CPU time), skipped 0 variants.
    Prepared data for serialisation in 0.00s
  Pass  (fp, d3d11) finished in 0.01 seconds. Local cache hits 1 (0.01s CPU time), remote cache hits 0 (0.00s CPU time), compiled 0 variants (0.00s CPU time), skipped 0 variants.
    Prepared data for serialisation in 0.00s
  Pass  (vp, d3d11) finished in 0.01 seconds. Local cache hits 1 (0.01s CPU time), remote cache hits 0 (0.00s CPU time), compiled 0 variants (0.00s CPU time), skipped 0 variants.
    Prepared data for serialisation in 0.00s
  Pass  (fp, d3d11) finished in 0.01 seconds. Local cache hits 1 (0.01s CPU time), remote cache hits 0 (0.00s CPU time), compiled 0 variants (0.00s CPU time), skipped 0 variants.
    Prepared data for serialisation in 0.00s
  Pass  (vp, d3d11) finished in 0.01 seconds. Local cache hits 1 (0.01s CPU time), remote cache hits 0 (0.00s CPU time), compiled 0 variants (0.00s CPU time), skipped 0 variants.
    Prepared data for serialisation in 0.00s
  Pass  (fp, d3d11) finished in 0.01 seconds. Local cache hits 1 (0.01s CPU time), remote cache hits 0 (0.00s CPU time), compiled 0 variants (0.00s CPU time), skipped 0 variants.
    Prepared data for serialisation in 0.00s
  Pass  (vp, d3d11) finished in 0.01 seconds. Local cache hits 1 (0.01s CPU time), remote cache hits 0 (0.00s CPU time), compiled 0 variants (0.00s CPU time), skipped 0 variants.
    Prepared data for serialisation in 0.00s
  Pass  (fp, d3d11) finished in 0.01 seconds. Local cache hits 1 (0.01s CPU time), remote cache hits 0 (0.00s CPU time), compiled 0 variants (0.00s CPU time), skipped 0 variants.
    Prepared data for serialisation in 0.00s
  Pass  (vp, d3d11) finished in 0.01 seconds. Local cache hits 1 (0.01s CPU time), remote cache hits 0 (0.00s CPU time), compiled 0 variants (0.00s CPU time), skipped 0 variants.
    Prepared data for serialisation in 0.00s
  Pass  (fp, d3d11) finished in 0.01 seconds. Local cache hits 1 (0.01s CPU time), remote cache hits 0 (0.00s CPU time), compiled 0 variants (0.00s CPU time), skipped 0 variants.
    Prepared data for serialisation in 0.00s
  Pass  (vp, d3d11) finished in 0.01 seconds. Local cache hits 1 (0.01s CPU time), remote cache hits 0 (0.00s CPU time), compiled 0 variants (0.00s CPU time), skipped 0 variants.
    Prepared data for serialisation in 0.00s
  Pass  (fp, d3d11) finished in 0.01 seconds. Local cache hits 1 (0.01s CPU time), remote cache hits 0 (0.00s CPU time), compiled 0 variants (0.00s CPU time), skipped 0 variants.
    Prepared data for serialisation in 0.00s
  Pass  (vp, d3d11) finished in 0.01 seconds. Local cache hits 1 (0.01s CPU time), remote cache hits 0 (0.00s CPU time), compiled 0 variants (0.00s CPU time), skipped 0 variants.
    Prepared data for serialisation in 0.00s
  Pass  (fp, d3d11) finished in 0.01 seconds. Local cache hits 1 (0.01s CPU time), remote cache hits 0 (0.00s CPU time), compiled 0 variants (0.00s CPU time), skipped 0 variants.
    Prepared data for serialisation in 0.00s
  Pass  (vp, d3d11) finished in 0.01 seconds. Local cache hits 1 (0.01s CPU time), remote cache hits 0 (0.00s CPU time), compiled 0 variants (0.00s CPU time), skipped 0 variants.
    Prepared data for serialisation in 0.00s
  Pass  (fp, d3d11) finished in 0.01 seconds. Local cache hits 1 (0.01s CPU time), remote cache hits 0 (0.00s CPU time), compiled 0 variants (0.00s CPU time), skipped 0 variants.
    Prepared data for serialisation in 0.00s
  Pass  (vp, d3d11) finished in 0.01 seconds. Local cache hits 1 (0.01s CPU time), remote cache hits 0 (0.00s CPU time), compiled 0 variants (0.00s CPU time), skipped 0 variants.
    Prepared data for serialisation in 0.00s
  Pass  (fp, d3d11) finished in 0.01 seconds. Local cache hits 1 (0.01s CPU time), remote cache hits 0 (0.00s CPU time), compiled 0 variants (0.00s CPU time), skipped 0 variants.
    Prepared data for serialisation in 0.00s
Serialized binary data for shader Hidden/Internal-DepthNormalsTexture in 0.00s
    d3d11 (total internal programs: 20, unique: 17)
Compiling shader "Hidden/Internal-ScreenSpaceShadows"
  Pass "" (vp)
    Target graphics API: d3d11
    Full variant space:         4
    After settings filtering:   4
    After built-in stripping:   4
    After scriptable stripping: 4
    Processed in 0.00 seconds
  Pass "" (fp)
    Target graphics API: d3d11
    Full variant space:         4
    After settings filtering:   4
    After built-in stripping:   4
    After scriptable stripping: 4
    Processed in 0.00 seconds
  Pass "" (vp)
    Target graphics API: d3d11
    Full variant space:         4
    After settings filtering:   4
    After built-in stripping:   4
    After scriptable stripping: 4
    Processed in 0.00 seconds
  Pass "" (fp)
    Target graphics API: d3d11
    Full variant space:         4
    After settings filtering:   4
    After built-in stripping:   4
    After scriptable stripping: 4
    Processed in 0.00 seconds
  Pass "" (vp)
    Target graphics API: d3d11
    Full variant space:         4
    After settings filtering:   4
    After built-in stripping:   4
    After scriptable stripping: 4
    Processed in 0.00 seconds
  Pass "" (fp)
    Target graphics API: d3d11
    Full variant space:         4
    After settings filtering:   4
    After built-in stripping:   4
    After scriptable stripping: 4
    Processed in 0.00 seconds
  Pass "" (vp)
    Target graphics API: d3d11
    Full variant space:         4
    After settings filtering:   4
    After built-in stripping:   4
    After scriptable stripping: 4
    Processed in 0.00 seconds
  Pass "" (fp)
    Target graphics API: d3d11
    Full variant space:         4
    After settings filtering:   4
    After built-in stripping:   4
    After scriptable stripping: 4
    Processed in 0.00 seconds
  Pass  (vp, d3d11) finished in 0.01 seconds. Local cache hits 4 (0.05s CPU time), remote cache hits 0 (0.00s CPU time), compiled 0 variants (0.00s CPU time), skipped 0 variants.
    Prepared data for serialisation in 0.00s
  Pass  (fp, d3d11) finished in 0.01 seconds. Local cache hits 4 (0.05s CPU time), remote cache hits 0 (0.00s CPU time), compiled 0 variants (0.00s CPU time), skipped 0 variants.
    Prepared data for serialisation in 0.00s
  Pass  (vp, d3d11) finished in 0.01 seconds. Local cache hits 4 (0.03s CPU time), remote cache hits 0 (0.00s CPU time), compiled 0 variants (0.00s CPU time), skipped 0 variants.
    Prepared data for serialisation in 0.00s
  Pass  (fp, d3d11) finished in 0.01 seconds. Local cache hits 4 (0.04s CPU time), remote cache hits 0 (0.00s CPU time), compiled 0 variants (0.00s CPU time), skipped 0 variants.
    Prepared data for serialisation in 0.00s
  Pass  (vp, d3d11) finished in 0.01 seconds. Local cache hits 4 (0.01s CPU time), remote cache hits 0 (0.00s CPU time), compiled 0 variants (0.00s CPU time), skipped 0 variants.
    Prepared data for serialisation in 0.00s
  Pass  (fp, d3d11) finished in 0.01 seconds. Local cache hits 4 (0.03s CPU time), remote cache hits 0 (0.00s CPU time), compiled 0 variants (0.00s CPU time), skipped 0 variants.
    Prepared data for serialisation in 0.00s
  Pass  (vp, d3d11) finished in 0.01 seconds. Local cache hits 4 (0.01s CPU time), remote cache hits 0 (0.00s CPU time), compiled 0 variants (0.00s CPU time), skipped 0 variants.
    Prepared data for serialisation in 0.00s
  Pass  (fp, d3d11) finished in 0.01 seconds. Local cache hits 4 (0.03s CPU time), remote cache hits 0 (0.00s CPU time), compiled 0 variants (0.00s CPU time), skipped 0 variants.
    Prepared data for serialisation in 0.00s
Serialized binary data for shader Hidden/Internal-ScreenSpaceShadows in 0.00s
    d3d11 (total internal programs: 32, unique: 20)
Compiling shader "Hidden/Internal-CombineDepthNormals"
  Pass "" (vp)
    Target graphics API: d3d11
    Full variant space:         1
    After settings filtering:   1
    After built-in stripping:   1
    After scriptable stripping: 1
    Processed in 0.00 seconds
  Pass "" (fp)
    Target graphics API: d3d11
    Full variant space:         1
    After settings filtering:   1
    After built-in stripping:   1
    After scriptable stripping: 1
    Processed in 0.00 seconds
  Pass  (vp, d3d11) finished in 0.01 seconds. Local cache hits 1 (0.01s CPU time), remote cache hits 0 (0.00s CPU time), compiled 0 variants (0.00s CPU time), skipped 0 variants.
    Prepared data for serialisation in 0.00s
  Pass  (fp, d3d11) finished in 0.01 seconds. Local cache hits 1 (0.01s CPU time), remote cache hits 0 (0.00s CPU time), compiled 0 variants (0.00s CPU time), skipped 0 variants.
    Prepared data for serialisation in 0.00s
Serialized binary data for shader Hidden/Internal-CombineDepthNormals in 0.00s
    d3d11 (total internal programs: 2, unique: 2)
Compiling shader "Hidden/BlitCopy"
  Pass "" (vp)
    Target graphics API: d3d11
    Full variant space:         1
    After settings filtering:   1
    After built-in stripping:   1
    After scriptable stripping: 1
    Processed in 0.00 seconds
  Pass "" (fp)
    Target graphics API: d3d11
    Full variant space:         1
    After settings filtering:   1
    After built-in stripping:   1
    After scriptable stripping: 1
    Processed in 0.00 seconds
  Pass  (vp, d3d11) finished in 0.00 seconds. Local cache hits 1 (0.00s CPU time), remote cache hits 0 (0.00s CPU time), compiled 0 variants (0.00s CPU time), skipped 0 variants.
    Prepared data for serialisation in 0.00s
  Pass  (fp, d3d11) finished in 0.00 seconds. Local cache hits 1 (0.00s CPU time), remote cache hits 0 (0.00s CPU time), compiled 0 variants (0.00s CPU time), skipped 0 variants.
    Prepared data for serialisation in 0.00s
Serialized binary data for shader Hidden/BlitCopy in 0.00s
    d3d11 (total internal programs: 2, unique: 2)
Compiling shader "Hidden/BlitCopyDepth"
  Pass "" (vp)
    Target graphics API: d3d11
    Full variant space:         1
    After settings filtering:   1
    After built-in stripping:   1
    After scriptable stripping: 1
    Processed in 0.00 seconds
  Pass "" (fp)
    Target graphics API: d3d11
    Full variant space:         1
    After settings filtering:   1
    After built-in stripping:   1
    After scriptable stripping: 1
    Processed in 0.00 seconds
  Pass  (vp, d3d11) finished in 0.01 seconds. Local cache hits 1 (0.01s CPU time), remote cache hits 0 (0.00s CPU time), compiled 0 variants (0.00s CPU time), skipped 0 variants.
    Prepared data for serialisation in 0.00s
  Pass  (fp, d3d11) finished in 0.01 seconds. Local cache hits 1 (0.01s CPU time), remote cache hits 0 (0.00s CPU time), compiled 0 variants (0.00s CPU time), skipped 0 variants.
    Prepared data for serialisation in 0.00s
Serialized binary data for shader Hidden/BlitCopyDepth in 0.00s
    d3d11 (total internal programs: 2, unique: 2)
Compiling shader "Hidden/ConvertTexture"
  Pass "" (vp)
    Target graphics API: d3d11
    Full variant space:         1
    After settings filtering:   1
    After built-in stripping:   1
    After scriptable stripping: 1
    Processed in 0.00 seconds
  Pass "" (fp)
    Target graphics API: d3d11
    Full variant space:         1
    After settings filtering:   1
    After built-in stripping:   1
    After scriptable stripping: 1
    Processed in 0.00 seconds
  Pass  (vp, d3d11) finished in 0.01 seconds. Local cache hits 1 (0.01s CPU time), remote cache hits 0 (0.00s CPU time), compiled 0 variants (0.00s CPU time), skipped 0 variants.
    Prepared data for serialisation in 0.00s
  Pass  (fp, d3d11) finished in 0.01 seconds. Local cache hits 1 (0.01s CPU time), remote cache hits 0 (0.00s CPU time), compiled 0 variants (0.00s CPU time), skipped 0 variants.
    Prepared data for serialisation in 0.00s
Serialized binary data for shader Hidden/ConvertTexture in 0.00s
    d3d11 (total internal programs: 2, unique: 2)
Compiling shader "Hidden/Internal-DeferredShading"
  Pass "" (vp)
    Target graphics API: d3d11
    Full variant space:         94
    After settings filtering:   94
    After built-in stripping:   26
    After scriptable stripping: 26
    Processed in 0.00 seconds
  Pass "" (fp)
    Target graphics API: d3d11
    Full variant space:         94
    After settings filtering:   94
    After built-in stripping:   26
    After scriptable stripping: 26
    Processed in 0.00 seconds
  Pass "" (vp)
    Target graphics API: d3d11
    Full variant space:         1
    After settings filtering:   1
    After built-in stripping:   1
    After scriptable stripping: 1
    Processed in 0.00 seconds
  Pass "" (fp)
    Target graphics API: d3d11
    Full variant space:         1
    After settings filtering:   1
    After built-in stripping:   1
    After scriptable stripping: 1
    Processed in 0.00 seconds
  Pass  (vp, d3d11) finished in 0.03 seconds. Local cache hits 26 (0.29s CPU time), remote cache hits 0 (0.00s CPU time), compiled 0 variants (0.00s CPU time), skipped 0 variants.
    Prepared data for serialisation in 0.00s
  Pass  (fp, d3d11) finished in 0.03 seconds. Local cache hits 26 (0.24s CPU time), remote cache hits 0 (0.00s CPU time), compiled 0 variants (0.00s CPU time), skipped 0 variants.
    Prepared data for serialisation in 0.00s
  Pass  (vp, d3d11) finished in 0.01 seconds. Local cache hits 1 (0.01s CPU time), remote cache hits 0 (0.00s CPU time), compiled 0 variants (0.00s CPU time), skipped 0 variants.
    Prepared data for serialisation in 0.00s
  Pass  (fp, d3d11) finished in 0.01 seconds. Local cache hits 1 (0.01s CPU time), remote cache hits 0 (0.00s CPU time), compiled 0 variants (0.00s CPU time), skipped 0 variants.
    Prepared data for serialisation in 0.00s
Serialized binary data for shader Hidden/Internal-DeferredShading in 0.00s
    d3d11 (total internal programs: 54, unique: 54)
Compiling shader "Hidden/Internal-DeferredReflections"
  Pass "" (vp)
    Target graphics API: d3d11
    Full variant space:         1
    After settings filtering:   1
    After built-in stripping:   1
    After scriptable stripping: 1
    Processed in 0.00 seconds
  Pass "" (fp)
    Target graphics API: d3d11
    Full variant space:         1
    After settings filtering:   1
    After built-in stripping:   1
    After scriptable stripping: 1
    Processed in 0.00 seconds
  Pass "" (vp)
    Target graphics API: d3d11
    Full variant space:         2
    After settings filtering:   2
    After built-in stripping:   2
    After scriptable stripping: 2
    Processed in 0.00 seconds
  Pass "" (fp)
    Target graphics API: d3d11
    Full variant space:         2
    After settings filtering:   2
    After built-in stripping:   2
    After scriptable stripping: 2
    Processed in 0.00 seconds
  Pass  (vp, d3d11) finished in 0.01 seconds. Local cache hits 1 (0.01s CPU time), remote cache hits 0 (0.00s CPU time), compiled 0 variants (0.00s CPU time), skipped 0 variants.
    Prepared data for serialisation in 0.00s
  Pass  (fp, d3d11) finished in 0.01 seconds. Local cache hits 1 (0.01s CPU time), remote cache hits 0 (0.00s CPU time), compiled 0 variants (0.00s CPU time), skipped 0 variants.
    Prepared data for serialisation in 0.00s
  Pass  (vp, d3d11) finished in 0.01 seconds. Local cache hits 2 (0.01s CPU time), remote cache hits 0 (0.00s CPU time), compiled 0 variants (0.00s CPU time), skipped 0 variants.
    Prepared data for serialisation in 0.00s
  Pass  (fp, d3d11) finished in 0.01 seconds. Local cache hits 2 (0.01s CPU time), remote cache hits 0 (0.00s CPU time), compiled 0 variants (0.00s CPU time), skipped 0 variants.
    Prepared data for serialisation in 0.00s
Serialized binary data for shader Hidden/Internal-DeferredReflections in 0.00s
    d3d11 (total internal programs: 6, unique: 6)
Compiling shader "Hidden/Internal-MotionVectors"
  Pass "" (vp)
    Target graphics API: d3d11
    Full variant space:         1
    After settings filtering:   1
    After built-in stripping:   1
    After scriptable stripping: 1
    Processed in 0.00 seconds
  Pass "" (fp)
    Target graphics API: d3d11
    Full variant space:         1
    After settings filtering:   1
    After built-in stripping:   1
    After scriptable stripping: 1
    Processed in 0.00 seconds
  Pass "" (vp)
    Target graphics API: d3d11
    Full variant space:         1
    After settings filtering:   1
    After built-in stripping:   1
    After scriptable stripping: 1
    Processed in 0.00 seconds
  Pass "" (fp)
    Target graphics API: d3d11
    Full variant space:         1
    After settings filtering:   1
    After built-in stripping:   1
    After scriptable stripping: 1
    Processed in 0.00 seconds
  Pass "" (vp)
    Target graphics API: d3d11
    Full variant space:         1
    After settings filtering:   1
    After built-in stripping:   1
    After scriptable stripping: 1
    Processed in 0.00 seconds
  Pass "" (fp)
    Target graphics API: d3d11
    Full variant space:         1
    After settings filtering:   1
    After built-in stripping:   1
    After scriptable stripping: 1
    Processed in 0.00 seconds
  Pass  (vp, d3d11) finished in 0.01 seconds. Local cache hits 1 (0.01s CPU time), remote cache hits 0 (0.00s CPU time), compiled 0 variants (0.00s CPU time), skipped 0 variants.
    Prepared data for serialisation in 0.00s
  Pass  (fp, d3d11) finished in 0.01 seconds. Local cache hits 1 (0.01s CPU time), remote cache hits 0 (0.00s CPU time), compiled 0 variants (0.00s CPU time), skipped 0 variants.
    Prepared data for serialisation in 0.00s
  Pass  (vp, d3d11) finished in 0.01 seconds. Local cache hits 1 (0.01s CPU time), remote cache hits 0 (0.00s CPU time), compiled 0 variants (0.00s CPU time), skipped 0 variants.
    Prepared data for serialisation in 0.00s
  Pass  (fp, d3d11) finished in 0.01 seconds. Local cache hits 1 (0.01s CPU time), remote cache hits 0 (0.00s CPU time), compiled 0 variants (0.00s CPU time), skipped 0 variants.
    Prepared data for serialisation in 0.00s
  Pass  (vp, d3d11) finished in 0.01 seconds. Local cache hits 1 (0.01s CPU time), remote cache hits 0 (0.00s CPU time), compiled 0 variants (0.00s CPU time), skipped 0 variants.
    Prepared data for serialisation in 0.00s
  Pass  (fp, d3d11) finished in 0.01 seconds. Local cache hits 1 (0.01s CPU time), remote cache hits 0 (0.00s CPU time), compiled 0 variants (0.00s CPU time), skipped 0 variants.
    Prepared data for serialisation in 0.00s
Serialized binary data for shader Hidden/Internal-MotionVectors in 0.00s
    d3d11 (total internal programs: 6, unique: 5)
Compiling shader "Hidden/Internal-Flare"
  Pass "" (vp)
    Target graphics API: d3d11
    Full variant space:         1
    After settings filtering:   1
    After built-in stripping:   1
    After scriptable stripping: 1
    Processed in 0.00 seconds
  Pass "" (fp)
    Target graphics API: d3d11
    Full variant space:         1
    After settings filtering:   1
    After built-in stripping:   1
    After scriptable stripping: 1
    Processed in 0.00 seconds
  Pass  (vp, d3d11) finished in 0.01 seconds. Local cache hits 1 (0.01s CPU time), remote cache hits 0 (0.00s CPU time), compiled 0 variants (0.00s CPU time), skipped 0 variants.
    Prepared data for serialisation in 0.00s
  Pass  (fp, d3d11) finished in 0.01 seconds. Local cache hits 1 (0.01s CPU time), remote cache hits 0 (0.00s CPU time), compiled 0 variants (0.00s CPU time), skipped 0 variants.
    Prepared data for serialisation in 0.00s
Serialized binary data for shader Hidden/Internal-Flare in 0.00s
    d3d11 (total internal programs: 2, unique: 2)
Compiling shader "Hidden/Internal-Halo"
  Pass "" (vp)
    Target graphics API: d3d11
    Full variant space:         4
    After settings filtering:   4
    After built-in stripping:   1
    After scriptable stripping: 1
    Processed in 0.00 seconds
  Pass "" (fp)
    Target graphics API: d3d11
    Full variant space:         4
    After settings filtering:   4
    After built-in stripping:   1
    After scriptable stripping: 1
    Processed in 0.00 seconds
  Pass  (vp, d3d11) finished in 0.01 seconds. Local cache hits 1 (0.01s CPU time), remote cache hits 0 (0.00s CPU time), compiled 0 variants (0.00s CPU time), skipped 0 variants.
    Prepared data for serialisation in 0.00s
  Pass  (fp, d3d11) finished in 0.01 seconds. Local cache hits 1 (0.01s CPU time), remote cache hits 0 (0.00s CPU time), compiled 0 variants (0.00s CPU time), skipped 0 variants.
    Prepared data for serialisation in 0.00s
Serialized binary data for shader Hidden/Internal-Halo in 0.00s
    d3d11 (total internal programs: 2, unique: 2)
Compiling shader "Hidden/BlitCopyWithDepth"
  Pass "" (vp)
    Target graphics API: d3d11
    Full variant space:         1
    After settings filtering:   1
    After built-in stripping:   1
    After scriptable stripping: 1
    Processed in 0.00 seconds
  Pass "" (fp)
    Target graphics API: d3d11
    Full variant space:         1
    After settings filtering:   1
    After built-in stripping:   1
    After scriptable stripping: 1
    Processed in 0.00 seconds
  Pass  (vp, d3d11) finished in 0.01 seconds. Local cache hits 1 (0.01s CPU time), remote cache hits 0 (0.00s CPU time), compiled 0 variants (0.00s CPU time), skipped 0 variants.
    Prepared data for serialisation in 0.00s
  Pass  (fp, d3d11) finished in 0.01 seconds. Local cache hits 1 (0.01s CPU time), remote cache hits 0 (0.00s CPU time), compiled 0 variants (0.00s CPU time), skipped 0 variants.
    Prepared data for serialisation in 0.00s
Serialized binary data for shader Hidden/BlitCopyWithDepth in 0.00s
    d3d11 (total internal programs: 2, unique: 2)
Compiling shader "Hidden/BlitToDepth"
  Pass "" (vp)
    Target graphics API: d3d11
    Full variant space:         1
    After settings filtering:   1
    After built-in stripping:   1
    After scriptable stripping: 1
    Processed in 0.00 seconds
  Pass "" (fp)
    Target graphics API: d3d11
    Full variant space:         1
    After settings filtering:   1
    After built-in stripping:   1
    After scriptable stripping: 1
    Processed in 0.00 seconds
  Pass  (vp, d3d11) finished in 0.01 seconds. Local cache hits 1 (0.01s CPU time), remote cache hits 0 (0.00s CPU time), compiled 0 variants (0.00s CPU time), skipped 0 variants.
    Prepared data for serialisation in 0.00s
  Pass  (fp, d3d11) finished in 0.01 seconds. Local cache hits 1 (0.01s CPU time), remote cache hits 0 (0.00s CPU time), compiled 0 variants (0.00s CPU time), skipped 0 variants.
    Prepared data for serialisation in 0.00s
Serialized binary data for shader Hidden/BlitToDepth in 0.00s
    d3d11 (total internal programs: 2, unique: 2)
Compiling shader "Hidden/BlitToDepth_MSAA"
  Pass "" (vp)
    Target graphics API: d3d11
    Full variant space:         1
    After settings filtering:   1
    After built-in stripping:   1
    After scriptable stripping: 1
    Processed in 0.00 seconds
  Pass "" (fp)
    Target graphics API: d3d11
    Full variant space:         1
    After settings filtering:   1
    After built-in stripping:   1
    After scriptable stripping: 1
    Processed in 0.00 seconds
  Pass  (vp, d3d11) finished in 0.01 seconds. Local cache hits 1 (0.01s CPU time), remote cache hits 0 (0.00s CPU time), compiled 0 variants (0.00s CPU time), skipped 0 variants.
    Prepared data for serialisation in 0.00s
  Pass  (fp, d3d11) finished in 0.01 seconds. Local cache hits 1 (0.01s CPU time), remote cache hits 0 (0.00s CPU time), compiled 0 variants (0.00s CPU time), skipped 0 variants.
    Prepared data for serialisation in 0.00s
Serialized binary data for shader Hidden/BlitToDepth_MSAA in 0.00s
    d3d11 (total internal programs: 2, unique: 2)
Compiling shader "Hidden/BlitCopyHDRTonemap"
  Pass "" (vp)
    Target graphics API: d3d11
    Full variant space:         1
    After settings filtering:   1
    After built-in stripping:   1
    After scriptable stripping: 1
    Processed in 0.00 seconds
  Pass "" (fp)
    Target graphics API: d3d11
    Full variant space:         1
    After settings filtering:   1
    After built-in stripping:   1
    After scriptable stripping: 1
    Processed in 0.00 seconds
  Pass  (vp, d3d11) finished in 0.00 seconds. Local cache hits 1 (0.00s CPU time), remote cache hits 0 (0.00s CPU time), compiled 0 variants (0.00s CPU time), skipped 0 variants.
    Prepared data for serialisation in 0.00s
  Pass  (fp, d3d11) finished in 0.01 seconds. Local cache hits 1 (0.01s CPU time), remote cache hits 0 (0.00s CPU time), compiled 0 variants (0.00s CPU time), skipped 0 variants.
    Prepared data for serialisation in 0.00s
Serialized binary data for shader Hidden/BlitCopyHDRTonemap in 0.00s
    d3d11 (total internal programs: 2, unique: 2)
Compiling shader "Hidden/Internal-DebugPattern"
  Pass "Target Color and DepthStencil" (vp)
    Target graphics API: d3d11
    Full variant space:         1
    After settings filtering:   1
    After built-in stripping:   1
    After scriptable stripping: 1
    Processed in 0.00 seconds
  Pass "Target Color and DepthStencil" (fp)
    Target graphics API: d3d11
    Full variant space:         1
    After settings filtering:   1
    After built-in stripping:   1
    After scriptable stripping: 1
    Processed in 0.00 seconds
  Pass "Target only Color" (vp)
    Target graphics API: d3d11
    Full variant space:         1
    After settings filtering:   1
    After built-in stripping:   1
    After scriptable stripping: 1
    Processed in 0.00 seconds
  Pass "Target only Color" (fp)
    Target graphics API: d3d11
    Full variant space:         1
    After settings filtering:   1
    After built-in stripping:   1
    After scriptable stripping: 1
    Processed in 0.00 seconds
  Pass "Target only DepthStencil" (vp)
    Target graphics API: d3d11
    Full variant space:         1
    After settings filtering:   1
    After built-in stripping:   1
    After scriptable stripping: 1
    Processed in 0.00 seconds
  Pass "Target only DepthStencil" (fp)
    Target graphics API: d3d11
    Full variant space:         1
    After settings filtering:   1
    After built-in stripping:   1
    After scriptable stripping: 1
    Processed in 0.00 seconds
  Pass Target Color and DepthStencil (vp, d3d11) finished in 0.01 seconds. Local cache hits 1 (0.01s CPU time), remote cache hits 0 (0.00s CPU time), compiled 0 variants (0.00s CPU time), skipped 0 variants.
    Prepared data for serialisation in 0.00s
  Pass Target Color and DepthStencil (fp, d3d11) finished in 0.01 seconds. Local cache hits 1 (0.01s CPU time), remote cache hits 0 (0.00s CPU time), compiled 0 variants (0.00s CPU time), skipped 0 variants.
    Prepared data for serialisation in 0.00s
  Pass Target only Color (vp, d3d11) finished in 0.01 seconds. Local cache hits 1 (0.01s CPU time), remote cache hits 0 (0.00s CPU time), compiled 0 variants (0.00s CPU time), skipped 0 variants.
    Prepared data for serialisation in 0.00s
  Pass Target only Color (fp, d3d11) finished in 0.01 seconds. Local cache hits 1 (0.01s CPU time), remote cache hits 0 (0.00s CPU time), compiled 0 variants (0.00s CPU time), skipped 0 variants.
    Prepared data for serialisation in 0.00s
  Pass Target only DepthStencil (vp, d3d11) finished in 0.01 seconds. Local cache hits 1 (0.01s CPU time), remote cache hits 0 (0.00s CPU time), compiled 0 variants (0.00s CPU time), skipped 0 variants.
    Prepared data for serialisation in 0.00s
  Pass Target only DepthStencil (fp, d3d11) finished in 0.01 seconds. Local cache hits 1 (0.01s CPU time), remote cache hits 0 (0.00s CPU time), compiled 0 variants (0.00s CPU time), skipped 0 variants.
    Prepared data for serialisation in 0.00s
Serialized binary data for shader Hidden/Internal-DebugPattern in 0.00s
    d3d11 (total internal programs: 6, unique: 4)
Compiling shader "Hidden/Internal-GUITextureClip"
  Pass "" (vp)
    Target graphics API: d3d11
    Full variant space:         1
    After settings filtering:   1
    After built-in stripping:   1
    After scriptable stripping: 1
    Processed in 0.00 seconds
  Pass "" (fp)
    Target graphics API: d3d11
    Full variant space:         1
    After settings filtering:   1
    After built-in stripping:   1
    After scriptable stripping: 1
    Processed in 0.00 seconds
  Pass "" (vp)
    Target graphics API: d3d11
    Full variant space:         1
    After settings filtering:   1
    After built-in stripping:   1
    After scriptable stripping: 1
    Processed in 0.00 seconds
  Pass "" (fp)
    Target graphics API: d3d11
    Full variant space:         1
    After settings filtering:   1
    After built-in stripping:   1
    After scriptable stripping: 1
    Processed in 0.00 seconds
  Pass  (vp, d3d11) finished in 0.00 seconds. Local cache hits 1 (0.00s CPU time), remote cache hits 0 (0.00s CPU time), compiled 0 variants (0.00s CPU time), skipped 0 variants.
    Prepared data for serialisation in 0.00s
  Pass  (fp, d3d11) finished in 0.00 seconds. Local cache hits 1 (0.00s CPU time), remote cache hits 0 (0.00s CPU time), compiled 0 variants (0.00s CPU time), skipped 0 variants.
    Prepared data for serialisation in 0.00s
  Pass  (vp, d3d11) finished in 0.00 seconds. Local cache hits 1 (0.00s CPU time), remote cache hits 0 (0.00s CPU time), compiled 0 variants (0.00s CPU time), skipped 0 variants.
    Prepared data for serialisation in 0.00s
  Pass  (fp, d3d11) finished in 0.00 seconds. Local cache hits 1 (0.00s CPU time), remote cache hits 0 (0.00s CPU time), compiled 0 variants (0.00s CPU time), skipped 0 variants.
    Prepared data for serialisation in 0.00s
Serialized binary data for shader Hidden/Internal-GUITextureClip in 0.00s
    d3d11 (total internal programs: 4, unique: 2)
Compiling shader "Hidden/Internal-GUITextureClipText"
  Pass "" (vp)
    Target graphics API: d3d11
    Full variant space:         1
    After settings filtering:   1
    After built-in stripping:   1
    After scriptable stripping: 1
    Processed in 0.00 seconds
  Pass "" (fp)
    Target graphics API: d3d11
    Full variant space:         1
    After settings filtering:   1
    After built-in stripping:   1
    After scriptable stripping: 1
    Processed in 0.00 seconds
  Pass "" (vp)
    Target graphics API: d3d11
    Full variant space:         1
    After settings filtering:   1
    After built-in stripping:   1
    After scriptable stripping: 1
    Processed in 0.00 seconds
  Pass "" (fp)
    Target graphics API: d3d11
    Full variant space:         1
    After settings filtering:   1
    After built-in stripping:   1
    After scriptable stripping: 1
    Processed in 0.00 seconds
  Pass  (vp, d3d11) finished in 0.00 seconds. Local cache hits 1 (0.00s CPU time), remote cache hits 0 (0.00s CPU time), compiled 0 variants (0.00s CPU time), skipped 0 variants.
    Prepared data for serialisation in 0.00s
  Pass  (fp, d3d11) finished in 0.00 seconds. Local cache hits 1 (0.00s CPU time), remote cache hits 0 (0.00s CPU time), compiled 0 variants (0.00s CPU time), skipped 0 variants.
    Prepared data for serialisation in 0.00s
  Pass  (vp, d3d11) finished in 0.00 seconds. Local cache hits 1 (0.00s CPU time), remote cache hits 0 (0.00s CPU time), compiled 0 variants (0.00s CPU time), skipped 0 variants.
    Prepared data for serialisation in 0.00s
  Pass  (fp, d3d11) finished in 0.00 seconds. Local cache hits 1 (0.00s CPU time), remote cache hits 0 (0.00s CPU time), compiled 0 variants (0.00s CPU time), skipped 0 variants.
    Prepared data for serialisation in 0.00s
Serialized binary data for shader Hidden/Internal-GUITextureClipText in 0.00s
    d3d11 (total internal programs: 4, unique: 2)
Compiling shader "Hidden/Internal-GUITexture"
  Pass "" (vp)
    Target graphics API: d3d11
    Full variant space:         1
    After settings filtering:   1
    After built-in stripping:   1
    After scriptable stripping: 1
    Processed in 0.00 seconds
  Pass "" (fp)
    Target graphics API: d3d11
    Full variant space:         1
    After settings filtering:   1
    After built-in stripping:   1
    After scriptable stripping: 1
    Processed in 0.00 seconds
  Pass "" (vp)
    Target graphics API: d3d11
    Full variant space:         1
    After settings filtering:   1
    After built-in stripping:   1
    After scriptable stripping: 1
    Processed in 0.00 seconds
  Pass "" (fp)
    Target graphics API: d3d11
    Full variant space:         1
    After settings filtering:   1
    After built-in stripping:   1
    After scriptable stripping: 1
    Processed in 0.00 seconds
  Pass  (vp, d3d11) finished in 0.00 seconds. Local cache hits 1 (0.00s CPU time), remote cache hits 0 (0.00s CPU time), compiled 0 variants (0.00s CPU time), skipped 0 variants.
    Prepared data for serialisation in 0.00s
  Pass  (fp, d3d11) finished in 0.00 seconds. Local cache hits 1 (0.00s CPU time), remote cache hits 0 (0.00s CPU time), compiled 0 variants (0.00s CPU time), skipped 0 variants.
    Prepared data for serialisation in 0.00s
  Pass  (vp, d3d11) finished in 0.00 seconds. Local cache hits 1 (0.00s CPU time), remote cache hits 0 (0.00s CPU time), compiled 0 variants (0.00s CPU time), skipped 0 variants.
    Prepared data for serialisation in 0.00s
  Pass  (fp, d3d11) finished in 0.00 seconds. Local cache hits 1 (0.00s CPU time), remote cache hits 0 (0.00s CPU time), compiled 0 variants (0.00s CPU time), skipped 0 variants.
    Prepared data for serialisation in 0.00s
Serialized binary data for shader Hidden/Internal-GUITexture in 0.00s
    d3d11 (total internal programs: 4, unique: 2)
Compiling shader "Hidden/Internal-GUITextureBlit"
  Pass "" (vp)
    Target graphics API: d3d11
    Full variant space:         1
    After settings filtering:   1
    After built-in stripping:   1
    After scriptable stripping: 1
    Processed in 0.00 seconds
  Pass "" (fp)
    Target graphics API: d3d11
    Full variant space:         1
    After settings filtering:   1
    After built-in stripping:   1
    After scriptable stripping: 1
    Processed in 0.00 seconds
  Pass "" (vp)
    Target graphics API: d3d11
    Full variant space:         1
    After settings filtering:   1
    After built-in stripping:   1
    After scriptable stripping: 1
    Processed in 0.00 seconds
  Pass "" (fp)
    Target graphics API: d3d11
    Full variant space:         1
    After settings filtering:   1
    After built-in stripping:   1
    After scriptable stripping: 1
    Processed in 0.00 seconds
  Pass  (vp, d3d11) finished in 0.00 seconds. Local cache hits 1 (0.00s CPU time), remote cache hits 0 (0.00s CPU time), compiled 0 variants (0.00s CPU time), skipped 0 variants.
    Prepared data for serialisation in 0.00s
  Pass  (fp, d3d11) finished in 0.00 seconds. Local cache hits 1 (0.00s CPU time), remote cache hits 0 (0.00s CPU time), compiled 0 variants (0.00s CPU time), skipped 0 variants.
    Prepared data for serialisation in 0.00s
  Pass  (vp, d3d11) finished in 0.00 seconds. Local cache hits 1 (0.00s CPU time), remote cache hits 0 (0.00s CPU time), compiled 0 variants (0.00s CPU time), skipped 0 variants.
    Prepared data for serialisation in 0.00s
  Pass  (fp, d3d11) finished in 0.00 seconds. Local cache hits 1 (0.00s CPU time), remote cache hits 0 (0.00s CPU time), compiled 0 variants (0.00s CPU time), skipped 0 variants.
    Prepared data for serialisation in 0.00s
Serialized binary data for shader Hidden/Internal-GUITextureBlit in 0.00s
    d3d11 (total internal programs: 4, unique: 2)
Compiling shader "Hidden/Internal-GUIRoundedRect"
  Pass "" (vp)
    Target graphics API: d3d11
    Full variant space:         1
    After settings filtering:   1
    After built-in stripping:   1
    After scriptable stripping: 1
    Processed in 0.00 seconds
  Pass "" (fp)
    Target graphics API: d3d11
    Full variant space:         1
    After settings filtering:   1
    After built-in stripping:   1
    After scriptable stripping: 1
    Processed in 0.00 seconds
  Pass "" (vp)
    Target graphics API: d3d11
    Full variant space:         1
    After settings filtering:   1
    After built-in stripping:   1
    After scriptable stripping: 1
    Processed in 0.00 seconds
  Pass "" (fp)
    Target graphics API: d3d11
    Full variant space:         1
    After settings filtering:   1
    After built-in stripping:   1
    After scriptable stripping: 1
    Processed in 0.00 seconds
  Pass  (vp, d3d11) finished in 0.00 seconds. Local cache hits 1 (0.00s CPU time), remote cache hits 0 (0.00s CPU time), compiled 0 variants (0.00s CPU time), skipped 0 variants.
    Prepared data for serialisation in 0.00s
  Pass  (fp, d3d11) finished in 0.00 seconds. Local cache hits 1 (0.00s CPU time), remote cache hits 0 (0.00s CPU time), compiled 0 variants (0.00s CPU time), skipped 0 variants.
    Prepared data for serialisation in 0.00s
  Pass  (vp, d3d11) finished in 0.00 seconds. Local cache hits 1 (0.00s CPU time), remote cache hits 0 (0.00s CPU time), compiled 0 variants (0.00s CPU time), skipped 0 variants.
    Prepared data for serialisation in 0.00s
  Pass  (fp, d3d11) finished in 0.00 seconds. Local cache hits 1 (0.00s CPU time), remote cache hits 0 (0.00s CPU time), compiled 0 variants (0.00s CPU time), skipped 0 variants.
    Prepared data for serialisation in 0.00s
Serialized binary data for shader Hidden/Internal-GUIRoundedRect in 0.00s
    d3d11 (total internal programs: 4, unique: 2)
Compiling shader "Hidden/Internal-GUIRoundedRectWithColorPerBorder"
  Pass "" (vp)
    Target graphics API: d3d11
    Full variant space:         1
    After settings filtering:   1
    After built-in stripping:   1
    After scriptable stripping: 1
    Processed in 0.00 seconds
  Pass "" (fp)
    Target graphics API: d3d11
    Full variant space:         1
    After settings filtering:   1
    After built-in stripping:   1
    After scriptable stripping: 1
    Processed in 0.00 seconds
  Pass "" (vp)
    Target graphics API: d3d11
    Full variant space:         1
    After settings filtering:   1
    After built-in stripping:   1
    After scriptable stripping: 1
    Processed in 0.00 seconds
  Pass "" (fp)
    Target graphics API: d3d11
    Full variant space:         1
    After settings filtering:   1
    After built-in stripping:   1
    After scriptable stripping: 1
    Processed in 0.00 seconds
  Pass  (vp, d3d11) finished in 0.00 seconds. Local cache hits 1 (0.00s CPU time), remote cache hits 0 (0.00s CPU time), compiled 0 variants (0.00s CPU time), skipped 0 variants.
    Prepared data for serialisation in 0.00s
  Pass  (fp, d3d11) finished in 0.00 seconds. Local cache hits 1 (0.00s CPU time), remote cache hits 0 (0.00s CPU time), compiled 0 variants (0.00s CPU time), skipped 0 variants.
    Prepared data for serialisation in 0.00s
  Pass  (vp, d3d11) finished in 0.00 seconds. Local cache hits 1 (0.00s CPU time), remote cache hits 0 (0.00s CPU time), compiled 0 variants (0.00s CPU time), skipped 0 variants.
    Prepared data for serialisation in 0.00s
  Pass  (fp, d3d11) finished in 0.00 seconds. Local cache hits 1 (0.00s CPU time), remote cache hits 0 (0.00s CPU time), compiled 0 variants (0.00s CPU time), skipped 0 variants.
    Prepared data for serialisation in 0.00s
Serialized binary data for shader Hidden/Internal-GUIRoundedRectWithColorPerBorder in 0.00s
    d3d11 (total internal programs: 4, unique: 2)
Compiling shader "Hidden/Internal-UIRDefault"
  Pass "" (vp)
    Target graphics API: d3d11
    Full variant space:         40
    After settings filtering:   40
    After built-in stripping:   40
    After scriptable stripping: 40
    Processed in 0.00 seconds
  Pass "" (fp)
    Target graphics API: d3d11
    Full variant space:         40
    After settings filtering:   40
    After built-in stripping:   40
    After scriptable stripping: 40
    Processed in 0.01 seconds
  Pass  (vp, d3d11) finished in 0.04 seconds. Local cache hits 40 (0.43s CPU time), remote cache hits 0 (0.00s CPU time), compiled 0 variants (0.00s CPU time), skipped 0 variants.
    Prepared data for serialisation in 0.00s
  Pass  (fp, d3d11) finished in 0.04 seconds. Local cache hits 40 (0.38s CPU time), remote cache hits 0 (0.00s CPU time), compiled 0 variants (0.00s CPU time), skipped 0 variants.
    Prepared data for serialisation in 0.00s
Serialized binary data for shader Hidden/Internal-UIRDefault in 0.00s
    d3d11 (total internal programs: 80, unique: 80)
Compiling shader "Hidden/Internal-UIRAtlasBlitCopy"
  Pass "" (vp)
    Target graphics API: d3d11
    Full variant space:         1
    After settings filtering:   1
    After built-in stripping:   1
    After scriptable stripping: 1
    Processed in 0.00 seconds
  Pass "" (fp)
    Target graphics API: d3d11
    Full variant space:         1
    After settings filtering:   1
    After built-in stripping:   1
    After scriptable stripping: 1
    Processed in 0.00 seconds
  Pass  (vp, d3d11) finished in 0.00 seconds. Local cache hits 1 (0.00s CPU time), remote cache hits 0 (0.00s CPU time), compiled 0 variants (0.00s CPU time), skipped 0 variants.
    Prepared data for serialisation in 0.00s
  Pass  (fp, d3d11) finished in 0.00 seconds. Local cache hits 1 (0.00s CPU time), remote cache hits 0 (0.00s CPU time), compiled 0 variants (0.00s CPU time), skipped 0 variants.
    Prepared data for serialisation in 0.00s
Serialized binary data for shader Hidden/Internal-UIRAtlasBlitCopy in 0.00s
    d3d11 (total internal programs: 2, unique: 2)
Compiling shader "Sprites/Default"
  Pass "" (vp)
    Target graphics API: d3d11
    Full variant space:         8
    After settings filtering:   8
    After built-in stripping:   4
    After scriptable stripping: 4
    Processed in 0.00 seconds
  Pass "" (fp)
    Target graphics API: d3d11
    Full variant space:         8
    After settings filtering:   8
    After built-in stripping:   4
    After scriptable stripping: 4
    Processed in 0.00 seconds
  Pass  (vp, d3d11) finished in 0.01 seconds. Local cache hits 4 (0.04s CPU time), remote cache hits 0 (0.00s CPU time), compiled 0 variants (0.00s CPU time), skipped 0 variants.
    Prepared data for serialisation in 0.00s
  Pass  (fp, d3d11) finished in 0.01 seconds. Local cache hits 4 (0.03s CPU time), remote cache hits 0 (0.00s CPU time), compiled 0 variants (0.00s CPU time), skipped 0 variants.
    Prepared data for serialisation in 0.00s
Serialized binary data for shader Sprites/Default in 0.00s
    d3d11 (total internal programs: 8, unique: 8)
Compiling shader "Sprites/Mask"
  Pass "" (vp)
    Target graphics API: d3d11
    Full variant space:         4
    After settings filtering:   4
    After built-in stripping:   4
    After scriptable stripping: 4
    Processed in 0.00 seconds
  Pass "" (fp)
    Target graphics API: d3d11
    Full variant space:         4
    After settings filtering:   4
    After built-in stripping:   4
    After scriptable stripping: 4
    Processed in 0.00 seconds
  Pass  (vp, d3d11) finished in 0.01 seconds. Local cache hits 4 (0.03s CPU time), remote cache hits 0 (0.00s CPU time), compiled 0 variants (0.00s CPU time), skipped 0 variants.
    Prepared data for serialisation in 0.00s
  Pass  (fp, d3d11) finished in 0.01 seconds. Local cache hits 4 (0.03s CPU time), remote cache hits 0 (0.00s CPU time), compiled 0 variants (0.00s CPU time), skipped 0 variants.
    Prepared data for serialisation in 0.00s
Serialized binary data for shader Sprites/Mask in 0.00s
    d3d11 (total internal programs: 8, unique: 8)
Compiling shader "UI/Default"
  Pass "Default" (vp)
    Target graphics API: d3d11
    Full variant space:         4
    After settings filtering:   4
    After built-in stripping:   4
    After scriptable stripping: 4
    Processed in 0.00 seconds
  Pass "Default" (fp)
    Target graphics API: d3d11
    Full variant space:         4
    After settings filtering:   4
    After built-in stripping:   4
    After scriptable stripping: 4
    Processed in 0.00 seconds
  Pass "XRMotionVectors" (vp)
    Target graphics API: d3d11
    Full variant space:         4
    After settings filtering:   4
    After built-in stripping:   4
    After scriptable stripping: 4
    Processed in 0.00 seconds
  Pass "XRMotionVectors" (fp)
    Target graphics API: d3d11
    Full variant space:         4
    After settings filtering:   4
    After built-in stripping:   4
    After scriptable stripping: 4
    Processed in 0.00 seconds
  Pass Default (vp, d3d11) finished in 0.01 seconds. Local cache hits 4 (0.04s CPU time), remote cache hits 0 (0.00s CPU time), compiled 0 variants (0.00s CPU time), skipped 0 variants.
    Prepared data for serialisation in 0.00s
  Pass Default (fp, d3d11) finished in 0.01 seconds. Local cache hits 4 (0.04s CPU time), remote cache hits 0 (0.00s CPU time), compiled 0 variants (0.00s CPU time), skipped 0 variants.
    Prepared data for serialisation in 0.00s
  Pass XRMotionVectors (vp, d3d11) finished in 0.02 seconds. Local cache hits 4 (0.05s CPU time), remote cache hits 0 (0.00s CPU time), compiled 0 variants (0.00s CPU time), skipped 0 variants.
    Prepared data for serialisation in 0.00s
  Pass XRMotionVectors (fp, d3d11) finished in 0.01 seconds. Local cache hits 4 (0.03s CPU time), remote cache hits 0 (0.00s CPU time), compiled 0 variants (0.00s CPU time), skipped 0 variants.
    Prepared data for serialisation in 0.00s
Serialized binary data for shader UI/Default in 0.00s
    d3d11 (total internal programs: 16, unique: 16)
Compiling shader "UI/DefaultETC1"
  Pass "Default" (vp)
    Target graphics API: d3d11
    Full variant space:         4
    After settings filtering:   4
    After built-in stripping:   4
    After scriptable stripping: 4
    Processed in 0.00 seconds
  Pass "Default" (fp)
    Target graphics API: d3d11
    Full variant space:         4
    After settings filtering:   4
    After built-in stripping:   4
    After scriptable stripping: 4
    Processed in 0.00 seconds
  Pass "XRMotionVectors" (vp)
    Target graphics API: d3d11
    Full variant space:         4
    After settings filtering:   4
    After built-in stripping:   4
    After scriptable stripping: 4
    Processed in 0.00 seconds
  Pass "XRMotionVectors" (fp)
    Target graphics API: d3d11
    Full variant space:         4
    After settings filtering:   4
    After built-in stripping:   4
    After scriptable stripping: 4
    Processed in 0.00 seconds
  Pass Default (vp, d3d11) finished in 0.00 seconds. Local cache hits 4 (0.01s CPU time), remote cache hits 0 (0.00s CPU time), compiled 0 variants (0.00s CPU time), skipped 0 variants.
    Prepared data for serialisation in 0.00s
  Pass Default (fp, d3d11) finished in 0.02 seconds. Local cache hits 4 (0.05s CPU time), remote cache hits 0 (0.00s CPU time), compiled 0 variants (0.00s CPU time), skipped 0 variants.
    Prepared data for serialisation in 0.00s
  Pass XRMotionVectors (vp, d3d11) finished in 0.02 seconds. Local cache hits 4 (0.03s CPU time), remote cache hits 0 (0.00s CPU time), compiled 0 variants (0.00s CPU time), skipped 0 variants.
    Prepared data for serialisation in 0.00s
  Pass XRMotionVectors (fp, d3d11) finished in 0.02 seconds. Local cache hits 4 (0.03s CPU time), remote cache hits 0 (0.00s CPU time), compiled 0 variants (0.00s CPU time), skipped 0 variants.
    Prepared data for serialisation in 0.00s
Serialized binary data for shader UI/DefaultETC1 in 0.00s
    d3d11 (total internal programs: 16, unique: 16)
Compiling shader "Hidden/CubeBlur"
  Pass "" (vp)
    Target graphics API: d3d11
    Full variant space:         1
    After settings filtering:   1
    After built-in stripping:   1
    After scriptable stripping: 1
    Processed in 0.00 seconds
  Pass "" (fp)
    Target graphics API: d3d11
    Full variant space:         1
    After settings filtering:   1
    After built-in stripping:   1
    After scriptable stripping: 1
    Processed in 0.00 seconds
  Pass "" (vp)
    Target graphics API: d3d11
    Full variant space:         1
    After settings filtering:   1
    After built-in stripping:   1
    After scriptable stripping: 1
    Processed in 0.00 seconds
  Pass "" (fp)
    Target graphics API: d3d11
    Full variant space:         1
    After settings filtering:   1
    After built-in stripping:   1
    After scriptable stripping: 1
    Processed in 0.00 seconds
  Pass  (vp, d3d11) finished in 0.01 seconds. Local cache hits 1 (0.01s CPU time), remote cache hits 0 (0.00s CPU time), compiled 0 variants (0.00s CPU time), skipped 0 variants.
    Prepared data for serialisation in 0.00s
  Pass  (fp, d3d11) finished in 0.01 seconds. Local cache hits 1 (0.01s CPU time), remote cache hits 0 (0.00s CPU time), compiled 0 variants (0.00s CPU time), skipped 0 variants.
    Prepared data for serialisation in 0.00s
  Pass  (vp, d3d11) finished in 0.01 seconds. Local cache hits 1 (0.01s CPU time), remote cache hits 0 (0.00s CPU time), compiled 0 variants (0.00s CPU time), skipped 0 variants.
    Prepared data for serialisation in 0.00s
  Pass  (fp, d3d11) finished in 0.01 seconds. Local cache hits 1 (0.01s CPU time), remote cache hits 0 (0.00s CPU time), compiled 0 variants (0.00s CPU time), skipped 0 variants.
    Prepared data for serialisation in 0.00s
Serialized binary data for shader Hidden/CubeBlur in 0.00s
    d3d11 (total internal programs: 4, unique: 3)
Compiling shader "Hidden/CubeCopy"
  Pass "" (vp)
    Target graphics API: d3d11
    Full variant space:         1
    After settings filtering:   1
    After built-in stripping:   1
    After scriptable stripping: 1
    Processed in 0.00 seconds
  Pass "" (fp)
    Target graphics API: d3d11
    Full variant space:         1
    After settings filtering:   1
    After built-in stripping:   1
    After scriptable stripping: 1
    Processed in 0.00 seconds
  Pass "" (vp)
    Target graphics API: d3d11
    Full variant space:         1
    After settings filtering:   1
    After built-in stripping:   1
    After scriptable stripping: 1
    Processed in 0.00 seconds
  Pass "" (fp)
    Target graphics API: d3d11
    Full variant space:         1
    After settings filtering:   1
    After built-in stripping:   1
    After scriptable stripping: 1
    Processed in 0.00 seconds
  Pass  (vp, d3d11) finished in 0.00 seconds. Local cache hits 1 (0.00s CPU time), remote cache hits 0 (0.00s CPU time), compiled 0 variants (0.00s CPU time), skipped 0 variants.
    Prepared data for serialisation in 0.00s
  Pass  (fp, d3d11) finished in 0.00 seconds. Local cache hits 1 (0.00s CPU time), remote cache hits 0 (0.00s CPU time), compiled 0 variants (0.00s CPU time), skipped 0 variants.
    Prepared data for serialisation in 0.00s
  Pass  (vp, d3d11) finished in 0.00 seconds. Local cache hits 1 (0.00s CPU time), remote cache hits 0 (0.00s CPU time), compiled 0 variants (0.00s CPU time), skipped 0 variants.
    Prepared data for serialisation in 0.00s
  Pass  (fp, d3d11) finished in 0.00 seconds. Local cache hits 1 (0.00s CPU time), remote cache hits 0 (0.00s CPU time), compiled 0 variants (0.00s CPU time), skipped 0 variants.
    Prepared data for serialisation in 0.00s
Serialized binary data for shader Hidden/CubeCopy in 0.00s
    d3d11 (total internal programs: 4, unique: 2)
Compiling shader "Hidden/CubeBlend"
  Pass "" (vp)
    Target graphics API: d3d11
    Full variant space:         1
    After settings filtering:   1
    After built-in stripping:   1
    After scriptable stripping: 1
    Processed in 0.00 seconds
  Pass "" (fp)
    Target graphics API: d3d11
    Full variant space:         1
    After settings filtering:   1
    After built-in stripping:   1
    After scriptable stripping: 1
    Processed in 0.00 seconds
  Pass "" (vp)
    Target graphics API: d3d11
    Full variant space:         1
    After settings filtering:   1
    After built-in stripping:   1
    After scriptable stripping: 1
    Processed in 0.00 seconds
  Pass "" (fp)
    Target graphics API: d3d11
    Full variant space:         1
    After settings filtering:   1
    After built-in stripping:   1
    After scriptable stripping: 1
    Processed in 0.00 seconds
  Pass  (vp, d3d11) finished in 0.01 seconds. Local cache hits 1 (0.01s CPU time), remote cache hits 0 (0.00s CPU time), compiled 0 variants (0.00s CPU time), skipped 0 variants.
    Prepared data for serialisation in 0.00s
  Pass  (fp, d3d11) finished in 0.01 seconds. Local cache hits 1 (0.01s CPU time), remote cache hits 0 (0.00s CPU time), compiled 0 variants (0.00s CPU time), skipped 0 variants.
    Prepared data for serialisation in 0.00s
  Pass  (vp, d3d11) finished in 0.01 seconds. Local cache hits 1 (0.01s CPU time), remote cache hits 0 (0.00s CPU time), compiled 0 variants (0.00s CPU time), skipped 0 variants.
    Prepared data for serialisation in 0.00s
  Pass  (fp, d3d11) finished in 0.01 seconds. Local cache hits 1 (0.01s CPU time), remote cache hits 0 (0.00s CPU time), compiled 0 variants (0.00s CPU time), skipped 0 variants.
    Prepared data for serialisation in 0.00s
Serialized binary data for shader Hidden/CubeBlend in 0.00s
    d3d11 (total internal programs: 4, unique: 2)
Compiling shader "Hidden/VR/BlitTexArraySlice"
  Pass "" (vp)
    Target graphics API: d3d11
    Full variant space:         1
    After settings filtering:   1
    After built-in stripping:   1
    After scriptable stripping: 1
    Processed in 0.00 seconds
  Pass "" (fp)
    Target graphics API: d3d11
    Full variant space:         1
    After settings filtering:   1
    After built-in stripping:   1
    After scriptable stripping: 1
    Processed in 0.00 seconds
  Pass  (vp, d3d11) finished in 0.00 seconds. Local cache hits 1 (0.00s CPU time), remote cache hits 0 (0.00s CPU time), compiled 0 variants (0.00s CPU time), skipped 0 variants.
    Prepared data for serialisation in 0.00s
  Pass  (fp, d3d11) finished in 0.01 seconds. Local cache hits 1 (0.01s CPU time), remote cache hits 0 (0.00s CPU time), compiled 0 variants (0.00s CPU time), skipped 0 variants.
    Prepared data for serialisation in 0.00s
Serialized binary data for shader Hidden/VR/BlitTexArraySlice in 0.00s
    d3d11 (total internal programs: 2, unique: 2)
Compiling shader "Hidden/Internal-ODSWorldTexture"
  Pass "" (vp)
    Target graphics API: d3d11
    Full variant space:         1
    After settings filtering:   1
    After built-in stripping:   1
    After scriptable stripping: 1
    Processed in 0.00 seconds
  Pass "" (fp)
    Target graphics API: d3d11
    Full variant space:         1
    After settings filtering:   1
    After built-in stripping:   1
    After scriptable stripping: 1
    Processed in 0.00 seconds
  Pass "" (vp)
    Target graphics API: d3d11
    Full variant space:         1
    After settings filtering:   1
    After built-in stripping:   1
    After scriptable stripping: 1
    Processed in 0.00 seconds
  Pass "" (fp)
    Target graphics API: d3d11
    Full variant space:         1
    After settings filtering:   1
    After built-in stripping:   1
    After scriptable stripping: 1
    Processed in 0.00 seconds
  Pass "" (vp)
    Target graphics API: d3d11
    Full variant space:         1
    After settings filtering:   1
    After built-in stripping:   1
    After scriptable stripping: 1
    Processed in 0.00 seconds
  Pass "" (fp)
    Target graphics API: d3d11
    Full variant space:         1
    After settings filtering:   1
    After built-in stripping:   1
    After scriptable stripping: 1
    Processed in 0.00 seconds
  Pass "" (vp)
    Target graphics API: d3d11
    Full variant space:         1
    After settings filtering:   1
    After built-in stripping:   1
    After scriptable stripping: 1
    Processed in 0.00 seconds
  Pass "" (fp)
    Target graphics API: d3d11
    Full variant space:         1
    After settings filtering:   1
    After built-in stripping:   1
    After scriptable stripping: 1
    Processed in 0.00 seconds
  Pass "" (vp)
    Target graphics API: d3d11
    Full variant space:         1
    After settings filtering:   1
    After built-in stripping:   1
    After scriptable stripping: 1
    Processed in 0.00 seconds
  Pass "" (fp)
    Target graphics API: d3d11
    Full variant space:         1
    After settings filtering:   1
    After built-in stripping:   1
    After scriptable stripping: 1
    Processed in 0.00 seconds
  Pass "" (vp)
    Target graphics API: d3d11
    Full variant space:         1
    After settings filtering:   1
    After built-in stripping:   1
    After scriptable stripping: 1
    Processed in 0.00 seconds
  Pass "" (fp)
    Target graphics API: d3d11
    Full variant space:         1
    After settings filtering:   1
    After built-in stripping:   1
    After scriptable stripping: 1
    Processed in 0.00 seconds
  Pass "" (vp)
    Target graphics API: d3d11
    Full variant space:         1
    After settings filtering:   1
    After built-in stripping:   1
    After scriptable stripping: 1
    Processed in 0.00 seconds
  Pass "" (fp)
    Target graphics API: d3d11
    Full variant space:         1
    After settings filtering:   1
    After built-in stripping:   1
    After scriptable stripping: 1
    Processed in 0.00 seconds
  Pass "" (vp)
    Target graphics API: d3d11
    Full variant space:         1
    After settings filtering:   1
    After built-in stripping:   1
    After scriptable stripping: 1
    Processed in 0.00 seconds
  Pass "" (fp)
    Target graphics API: d3d11
    Full variant space:         1
    After settings filtering:   1
    After built-in stripping:   1
    After scriptable stripping: 1
    Processed in 0.00 seconds
  Pass "" (vp)
    Target graphics API: d3d11
    Full variant space:         1
    After settings filtering:   1
    After built-in stripping:   1
    After scriptable stripping: 1
    Processed in 0.00 seconds
  Pass "" (fp)
    Target graphics API: d3d11
    Full variant space:         1
    After settings filtering:   1
    After built-in stripping:   1
    After scriptable stripping: 1
    Processed in 0.00 seconds
  Pass "" (vp)
    Target graphics API: d3d11
    Full variant space:         1
    After settings filtering:   1
    After built-in stripping:   1
    After scriptable stripping: 1
    Processed in 0.00 seconds
  Pass "" (fp)
    Target graphics API: d3d11
    Full variant space:         1
    After settings filtering:   1
    After built-in stripping:   1
    After scriptable stripping: 1
    Processed in 0.00 seconds
  Pass  (vp, d3d11) finished in 0.01 seconds. Local cache hits 1 (0.01s CPU time), remote cache hits 0 (0.00s CPU time), compiled 0 variants (0.00s CPU time), skipped 0 variants.
    Prepared data for serialisation in 0.00s
  Pass  (fp, d3d11) finished in 0.01 seconds. Local cache hits 1 (0.01s CPU time), remote cache hits 0 (0.00s CPU time), compiled 0 variants (0.00s CPU time), skipped 0 variants.
    Prepared data for serialisation in 0.00s
  Pass  (vp, d3d11) finished in 0.01 seconds. Local cache hits 1 (0.01s CPU time), remote cache hits 0 (0.00s CPU time), compiled 0 variants (0.00s CPU time), skipped 0 variants.
    Prepared data for serialisation in 0.00s
  Pass  (fp, d3d11) finished in 0.01 seconds. Local cache hits 1 (0.01s CPU time), remote cache hits 0 (0.00s CPU time), compiled 0 variants (0.00s CPU time), skipped 0 variants.
    Prepared data for serialisation in 0.00s
  Pass  (vp, d3d11) finished in 0.01 seconds. Local cache hits 1 (0.01s CPU time), remote cache hits 0 (0.00s CPU time), compiled 0 variants (0.00s CPU time), skipped 0 variants.
    Prepared data for serialisation in 0.00s
  Pass  (fp, d3d11) finished in 0.01 seconds. Local cache hits 1 (0.01s CPU time), remote cache hits 0 (0.00s CPU time), compiled 0 variants (0.00s CPU time), skipped 0 variants.
    Prepared data for serialisation in 0.00s
  Pass  (vp, d3d11) finished in 0.01 seconds. Local cache hits 1 (0.01s CPU time), remote cache hits 0 (0.00s CPU time), compiled 0 variants (0.00s CPU time), skipped 0 variants.
    Prepared data for serialisation in 0.00s
  Pass  (fp, d3d11) finished in 0.01 seconds. Local cache hits 1 (0.01s CPU time), remote cache hits 0 (0.00s CPU time), compiled 0 variants (0.00s CPU time), skipped 0 variants.
    Prepared data for serialisation in 0.00s
  Pass  (vp, d3d11) finished in 0.01 seconds. Local cache hits 1 (0.01s CPU time), remote cache hits 0 (0.00s CPU time), compiled 0 variants (0.00s CPU time), skipped 0 variants.
    Prepared data for serialisation in 0.00s
  Pass  (fp, d3d11) finished in 0.01 seconds. Local cache hits 1 (0.01s CPU time), remote cache hits 0 (0.00s CPU time), compiled 0 variants (0.00s CPU time), skipped 0 variants.
    Prepared data for serialisation in 0.00s
  Pass  (vp, d3d11) finished in 0.01 seconds. Local cache hits 1 (0.01s CPU time), remote cache hits 0 (0.00s CPU time), compiled 0 variants (0.00s CPU time), skipped 0 variants.
    Prepared data for serialisation in 0.00s
  Pass  (fp, d3d11) finished in 0.01 seconds. Local cache hits 1 (0.01s CPU time), remote cache hits 0 (0.00s CPU time), compiled 0 variants (0.00s CPU time), skipped 0 variants.
    Prepared data for serialisation in 0.00s
  Pass  (vp, d3d11) finished in 0.01 seconds. Local cache hits 1 (0.01s CPU time), remote cache hits 0 (0.00s CPU time), compiled 0 variants (0.00s CPU time), skipped 0 variants.
    Prepared data for serialisation in 0.00s
  Pass  (fp, d3d11) finished in 0.01 seconds. Local cache hits 1 (0.01s CPU time), remote cache hits 0 (0.00s CPU time), compiled 0 variants (0.00s CPU time), skipped 0 variants.
    Prepared data for serialisation in 0.00s
  Pass  (vp, d3d11) finished in 0.01 seconds. Local cache hits 1 (0.01s CPU time), remote cache hits 0 (0.00s CPU time), compiled 0 variants (0.00s CPU time), skipped 0 variants.
    Prepared data for serialisation in 0.00s
  Pass  (fp, d3d11) finished in 0.01 seconds. Local cache hits 1 (0.01s CPU time), remote cache hits 0 (0.00s CPU time), compiled 0 variants (0.00s CPU time), skipped 0 variants.
    Prepared data for serialisation in 0.00s
  Pass  (vp, d3d11) finished in 0.01 seconds. Local cache hits 1 (0.01s CPU time), remote cache hits 0 (0.00s CPU time), compiled 0 variants (0.00s CPU time), skipped 0 variants.
    Prepared data for serialisation in 0.00s
  Pass  (fp, d3d11) finished in 0.01 seconds. Local cache hits 1 (0.01s CPU time), remote cache hits 0 (0.00s CPU time), compiled 0 variants (0.00s CPU time), skipped 0 variants.
    Prepared data for serialisation in 0.00s
  Pass  (vp, d3d11) finished in 0.01 seconds. Local cache hits 1 (0.01s CPU time), remote cache hits 0 (0.00s CPU time), compiled 0 variants (0.00s CPU time), skipped 0 variants.
    Prepared data for serialisation in 0.00s
  Pass  (fp, d3d11) finished in 0.01 seconds. Local cache hits 1 (0.01s CPU time), remote cache hits 0 (0.00s CPU time), compiled 0 variants (0.00s CPU time), skipped 0 variants.
    Prepared data for serialisation in 0.00s
Serialized binary data for shader Hidden/Internal-ODSWorldTexture in 0.00s
    d3d11 (total internal programs: 20, unique: 15)
Compiling shader "Hidden/Internal-CubemapToEquirect"
  Pass "" (vp)
    Target graphics API: d3d11
    Full variant space:         1
    After settings filtering:   1
    After built-in stripping:   1
    After scriptable stripping: 1
    Processed in 0.00 seconds
  Pass "" (fp)
    Target graphics API: d3d11
    Full variant space:         1
    After settings filtering:   1
    After built-in stripping:   1
    After scriptable stripping: 1
    Processed in 0.00 seconds
  Pass  (vp, d3d11) finished in 0.00 seconds. Local cache hits 1 (0.00s CPU time), remote cache hits 0 (0.00s CPU time), compiled 0 variants (0.00s CPU time), skipped 0 variants.
    Prepared data for serialisation in 0.00s
  Pass  (fp, d3d11) finished in 0.01 seconds. Local cache hits 1 (0.01s CPU time), remote cache hits 0 (0.00s CPU time), compiled 0 variants (0.00s CPU time), skipped 0 variants.
    Prepared data for serialisation in 0.00s
Serialized binary data for shader Hidden/Internal-CubemapToEquirect in 0.00s
    d3d11 (total internal programs: 2, unique: 2)
Compiling shader "Hidden/VR/BlitFromTex2DToTexArraySlice"
  Pass "" (vp)
    Target graphics API: d3d11
    Full variant space:         1
    After settings filtering:   1
    After built-in stripping:   1
    After scriptable stripping: 1
    Processed in 0.00 seconds
  Pass "" (fp)
    Target graphics API: d3d11
    Full variant space:         1
    After settings filtering:   1
    After built-in stripping:   1
    After scriptable stripping: 1
    Processed in 0.00 seconds
  Pass "" (vp)
    Target graphics API: d3d11
    Full variant space:         1
    After settings filtering:   1
    After built-in stripping:   1
    After scriptable stripping: 1
    Processed in 0.00 seconds
  Pass "" (fp)
    Target graphics API: d3d11
    Full variant space:         1
    After settings filtering:   1
    After built-in stripping:   1
    After scriptable stripping: 1
    Processed in 0.00 seconds
  Pass "" (gp)
    Target graphics API: d3d11
    Full variant space:         1
    After settings filtering:   1
    After built-in stripping:   1
    After scriptable stripping: 1
    Processed in 0.00 seconds
  Pass  (vp, d3d11) finished in 0.01 seconds. Local cache hits 1 (0.01s CPU time), remote cache hits 0 (0.00s CPU time), compiled 0 variants (0.00s CPU time), skipped 0 variants.
    Prepared data for serialisation in 0.00s
  Pass  (fp, d3d11) finished in 0.01 seconds. Local cache hits 1 (0.01s CPU time), remote cache hits 0 (0.00s CPU time), compiled 0 variants (0.00s CPU time), skipped 0 variants.
    Prepared data for serialisation in 0.00s
  Pass  (vp, d3d11) finished in 0.01 seconds. Local cache hits 1 (0.00s CPU time), remote cache hits 0 (0.00s CPU time), compiled 0 variants (0.00s CPU time), skipped 0 variants.
    Prepared data for serialisation in 0.00s
  Pass  (fp, d3d11) finished in 0.01 seconds. Local cache hits 1 (0.01s CPU time), remote cache hits 0 (0.00s CPU time), compiled 0 variants (0.00s CPU time), skipped 0 variants.
    Prepared data for serialisation in 0.00s
  Pass  (gp, d3d11) finished in 0.01 seconds. Local cache hits 1 (0.01s CPU time), remote cache hits 0 (0.00s CPU time), compiled 0 variants (0.00s CPU time), skipped 0 variants.
    Prepared data for serialisation in 0.00s
Serialized binary data for shader Hidden/VR/BlitFromTex2DToTexArraySlice in 0.00s
    d3d11 (total internal programs: 5, unique: 5)
Compiling shader "Hidden/VideoComposite"
  Pass "Default" (vp)
    Target graphics API: d3d11
    Full variant space:         1
    After settings filtering:   1
    After built-in stripping:   1
    After scriptable stripping: 1
    Processed in 0.00 seconds
  Pass "Default" (fp)
    Target graphics API: d3d11
    Full variant space:         1
    After settings filtering:   1
    After built-in stripping:   1
    After scriptable stripping: 1
    Processed in 0.00 seconds
  Pass Default (vp, d3d11) finished in 0.01 seconds. Local cache hits 1 (0.01s CPU time), remote cache hits 0 (0.00s CPU time), compiled 0 variants (0.00s CPU time), skipped 0 variants.
    Prepared data for serialisation in 0.00s
  Pass Default (fp, d3d11) finished in 0.01 seconds. Local cache hits 1 (0.01s CPU time), remote cache hits 0 (0.00s CPU time), compiled 0 variants (0.00s CPU time), skipped 0 variants.
    Prepared data for serialisation in 0.00s
Serialized binary data for shader Hidden/VideoComposite in 0.00s
    d3d11 (total internal programs: 2, unique: 2)
Compiling shader "Hidden/VideoDecode"
  Pass "YCbCr_To_RGB1" (vp)
    Target graphics API: d3d11
    Full variant space:         2
    After settings filtering:   2
    After built-in stripping:   2
    After scriptable stripping: 2
    Processed in 0.00 seconds
  Pass "YCbCr_To_RGB1" (fp)
    Target graphics API: d3d11
    Full variant space:         2
    After settings filtering:   2
    After built-in stripping:   2
    After scriptable stripping: 2
    Processed in 0.00 seconds
  Pass "YCbCrA_To_RGBAFull" (vp)
    Target graphics API: d3d11
    Full variant space:         2
    After settings filtering:   2
    After built-in stripping:   2
    After scriptable stripping: 2
    Processed in 0.00 seconds
  Pass "YCbCrA_To_RGBAFull" (fp)
    Target graphics API: d3d11
    Full variant space:         2
    After settings filtering:   2
    After built-in stripping:   2
    After scriptable stripping: 2
    Processed in 0.00 seconds
  Pass "YCbCrA_To_RGBA" (vp)
    Target graphics API: d3d11
    Full variant space:         2
    After settings filtering:   2
    After built-in stripping:   2
    After scriptable stripping: 2
    Processed in 0.00 seconds
  Pass "YCbCrA_To_RGBA" (fp)
    Target graphics API: d3d11
    Full variant space:         2
    After settings filtering:   2
    After built-in stripping:   2
    After scriptable stripping: 2
    Processed in 0.00 seconds
  Pass "Flip_RGBA_To_RGBA" (vp)
    Target graphics API: d3d11
    Full variant space:         2
    After settings filtering:   2
    After built-in stripping:   2
    After scriptable stripping: 2
    Processed in 0.00 seconds
  Pass "Flip_RGBA_To_RGBA" (fp)
    Target graphics API: d3d11
    Full variant space:         2
    After settings filtering:   2
    After built-in stripping:   2
    After scriptable stripping: 2
    Processed in 0.00 seconds
  Pass "Flip_RGBASplit_To_RGBA" (vp)
    Target graphics API: d3d11
    Full variant space:         2
    After settings filtering:   2
    After built-in stripping:   2
    After scriptable stripping: 2
    Processed in 0.00 seconds
  Pass "Flip_RGBASplit_To_RGBA" (fp)
    Target graphics API: d3d11
    Full variant space:         2
    After settings filtering:   2
    After built-in stripping:   2
    After scriptable stripping: 2
    Processed in 0.00 seconds
  Pass "Flip_NV12_To_RGB1" (vp)
    Target graphics API: d3d11
    Full variant space:         2
    After settings filtering:   2
    After built-in stripping:   2
    After scriptable stripping: 2
    Processed in 0.00 seconds
  Pass "Flip_NV12_To_RGB1" (fp)
    Target graphics API: d3d11
    Full variant space:         2
    After settings filtering:   2
    After built-in stripping:   2
    After scriptable stripping: 2
    Processed in 0.00 seconds
  Pass "Flip_NV12_To_RGBA" (vp)
    Target graphics API: d3d11
    Full variant space:         2
    After settings filtering:   2
    After built-in stripping:   2
    After scriptable stripping: 2
    Processed in 0.00 seconds
  Pass "Flip_NV12_To_RGBA" (fp)
    Target graphics API: d3d11
    Full variant space:         2
    After settings filtering:   2
    After built-in stripping:   2
    After scriptable stripping: 2
    Processed in 0.00 seconds
  Pass "Flip_P010_To_RGB1" (vp)
    Target graphics API: d3d11
    Full variant space:         1
    After settings filtering:   1
    After built-in stripping:   1
    After scriptable stripping: 1
    Processed in 0.00 seconds
  Pass "Flip_P010_To_RGB1" (fp)
    Target graphics API: d3d11
    Full variant space:         1
    After settings filtering:   1
    After built-in stripping:   1
    After scriptable stripping: 1
    Processed in 0.00 seconds
  Pass YCbCr_To_RGB1 (vp, d3d11) finished in 0.01 seconds. Local cache hits 2 (0.02s CPU time), remote cache hits 0 (0.00s CPU time), compiled 0 variants (0.00s CPU time), skipped 0 variants.
    Prepared data for serialisation in 0.00s
  Pass YCbCr_To_RGB1 (fp, d3d11) finished in 0.01 seconds. Local cache hits 2 (0.02s CPU time), remote cache hits 0 (0.00s CPU time), compiled 0 variants (0.00s CPU time), skipped 0 variants.
    Prepared data for serialisation in 0.00s
  Pass YCbCrA_To_RGBAFull (vp, d3d11) finished in 0.01 seconds. Local cache hits 2 (0.02s CPU time), remote cache hits 0 (0.00s CPU time), compiled 0 variants (0.00s CPU time), skipped 0 variants.
    Prepared data for serialisation in 0.00s
  Pass YCbCrA_To_RGBAFull (fp, d3d11) finished in 0.01 seconds. Local cache hits 2 (0.02s CPU time), remote cache hits 0 (0.00s CPU time), compiled 0 variants (0.00s CPU time), skipped 0 variants.
    Prepared data for serialisation in 0.00s
  Pass YCbCrA_To_RGBA (vp, d3d11) finished in 0.01 seconds. Local cache hits 2 (0.02s CPU time), remote cache hits 0 (0.00s CPU time), compiled 0 variants (0.00s CPU time), skipped 0 variants.
    Prepared data for serialisation in 0.00s
  Pass YCbCrA_To_RGBA (fp, d3d11) finished in 0.02 seconds. Local cache hits 2 (0.02s CPU time), remote cache hits 0 (0.00s CPU time), compiled 0 variants (0.00s CPU time), skipped 0 variants.
    Prepared data for serialisation in 0.00s
  Pass Flip_RGBA_To_RGBA (vp, d3d11) finished in 0.01 seconds. Local cache hits 2 (0.02s CPU time), remote cache hits 0 (0.00s CPU time), compiled 0 variants (0.00s CPU time), skipped 0 variants.
    Prepared data for serialisation in 0.00s
  Pass Flip_RGBA_To_RGBA (fp, d3d11) finished in 0.01 seconds. Local cache hits 2 (0.01s CPU time), remote cache hits 0 (0.00s CPU time), compiled 0 variants (0.00s CPU time), skipped 0 variants.
    Prepared data for serialisation in 0.00s
  Pass Flip_RGBASplit_To_RGBA (vp, d3d11) finished in 0.01 seconds. Local cache hits 2 (0.02s CPU time), remote cache hits 0 (0.00s CPU time), compiled 0 variants (0.00s CPU time), skipped 0 variants.
    Prepared data for serialisation in 0.00s
  Pass Flip_RGBASplit_To_RGBA (fp, d3d11) finished in 0.01 seconds. Local cache hits 2 (0.02s CPU time), remote cache hits 0 (0.00s CPU time), compiled 0 variants (0.00s CPU time), skipped 0 variants.
    Prepared data for serialisation in 0.00s
  Pass Flip_NV12_To_RGB1 (vp, d3d11) finished in 0.01 seconds. Local cache hits 2 (0.02s CPU time), remote cache hits 0 (0.00s CPU time), compiled 0 variants (0.00s CPU time), skipped 0 variants.
    Prepared data for serialisation in 0.00s
  Pass Flip_NV12_To_RGB1 (fp, d3d11) finished in 0.02 seconds. Local cache hits 2 (0.02s CPU time), remote cache hits 0 (0.00s CPU time), compiled 0 variants (0.00s CPU time), skipped 0 variants.
    Prepared data for serialisation in 0.00s
  Pass Flip_NV12_To_RGBA (vp, d3d11) finished in 0.01 seconds. Local cache hits 2 (0.00s CPU time), remote cache hits 0 (0.00s CPU time), compiled 0 variants (0.00s CPU time), skipped 0 variants.
    Prepared data for serialisation in 0.00s
  Pass Flip_NV12_To_RGBA (fp, d3d11) finished in 0.01 seconds. Local cache hits 2 (0.02s CPU time), remote cache hits 0 (0.00s CPU time), compiled 0 variants (0.00s CPU time), skipped 0 variants.
    Prepared data for serialisation in 0.00s
  Pass Flip_P010_To_RGB1 (vp, d3d11) finished in 0.01 seconds. Local cache hits 1 (0.00s CPU time), remote cache hits 0 (0.00s CPU time), compiled 0 variants (0.00s CPU time), skipped 0 variants.
    Prepared data for serialisation in 0.00s
  Pass Flip_P010_To_RGB1 (fp, d3d11) finished in 0.01 seconds. Local cache hits 1 (0.01s CPU time), remote cache hits 0 (0.00s CPU time), compiled 0 variants (0.00s CPU time), skipped 0 variants.
    Prepared data for serialisation in 0.00s
Serialized binary data for shader Hidden/VideoDecode in 0.00s
    d3d11 (total internal programs: 30, unique: 19)
Compiling shader "Hidden/Compositing"
  Pass "Mix_RGBA_To_RGBA" (vp)
    Target graphics API: d3d11
    Full variant space:         1
    After settings filtering:   1
    After built-in stripping:   1
    After scriptable stripping: 1
    Processed in 0.00 seconds
  Pass "Mix_RGBA_To_RGBA" (fp)
    Target graphics API: d3d11
    Full variant space:         1
    After settings filtering:   1
    After built-in stripping:   1
    After scriptable stripping: 1
    Processed in 0.00 seconds
  Pass Mix_RGBA_To_RGBA (vp, d3d11) finished in 0.01 seconds. Local cache hits 1 (0.01s CPU time), remote cache hits 0 (0.00s CPU time), compiled 0 variants (0.00s CPU time), skipped 0 variants.
    Prepared data for serialisation in 0.00s
  Pass Mix_RGBA_To_RGBA (fp, d3d11) finished in 0.01 seconds. Local cache hits 1 (0.01s CPU time), remote cache hits 0 (0.00s CPU time), compiled 0 variants (0.00s CPU time), skipped 0 variants.
    Prepared data for serialisation in 0.00s
Serialized binary data for shader Hidden/Compositing in 0.00s
    d3d11 (total internal programs: 2, unique: 2)
Compiling shader "Hidden/TextCore/Distance Field SSD"
  Pass "" (vp)
    Target graphics API: d3d11
    Full variant space:         1
    After settings filtering:   1
    After built-in stripping:   1
    After scriptable stripping: 1
    Processed in 0.00 seconds
  Pass "" (fp)
    Target graphics API: d3d11
    Full variant space:         1
    After settings filtering:   1
    After built-in stripping:   1
    After scriptable stripping: 1
    Processed in 0.00 seconds
  Pass  (vp, d3d11) finished in 0.00 seconds. Local cache hits 1 (0.00s CPU time), remote cache hits 0 (0.00s CPU time), compiled 0 variants (0.00s CPU time), skipped 0 variants.
    Prepared data for serialisation in 0.00s
  Pass  (fp, d3d11) finished in 0.00 seconds. Local cache hits 1 (0.00s CPU time), remote cache hits 0 (0.00s CPU time), compiled 0 variants (0.00s CPU time), skipped 0 variants.
    Prepared data for serialisation in 0.00s
Serialized binary data for shader Hidden/TextCore/Distance Field SSD in 0.00s
    d3d11 (total internal programs: 2, unique: 2)
Compiling shader "Hidden/Physics2D/SDF_CircleGeometry"
  Pass "" (vp)
    Target graphics API: d3d11
    Full variant space:         2
    After settings filtering:   2
    After built-in stripping:   1
    After scriptable stripping: 1
    Processed in 0.00 seconds
  Pass "" (fp)
    Target graphics API: d3d11
    Full variant space:         2
    After settings filtering:   2
    After built-in stripping:   1
    After scriptable stripping: 1
    Processed in 0.00 seconds
  Pass  (vp, d3d11) finished in 0.01 seconds. Local cache hits 1 (0.01s CPU time), remote cache hits 0 (0.00s CPU time), compiled 0 variants (0.00s CPU time), skipped 0 variants.
    Prepared data for serialisation in 0.00s
  Pass  (fp, d3d11) finished in 0.01 seconds. Local cache hits 1 (0.01s CPU time), remote cache hits 0 (0.00s CPU time), compiled 0 variants (0.00s CPU time), skipped 0 variants.
    Prepared data for serialisation in 0.00s
Serialized binary data for shader Hidden/Physics2D/SDF_CircleGeometry in 0.00s
    d3d11 (total internal programs: 2, unique: 2)
Compiling shader "Hidden/Physics2D/SDF_CapsuleGeometry"
  Pass "" (vp)
    Target graphics API: d3d11
    Full variant space:         2
    After settings filtering:   2
    After built-in stripping:   1
    After scriptable stripping: 1
    Processed in 0.00 seconds
  Pass "" (fp)
    Target graphics API: d3d11
    Full variant space:         2
    After settings filtering:   2
    After built-in stripping:   1
    After scriptable stripping: 1
    Processed in 0.00 seconds
  Pass  (vp, d3d11) finished in 0.01 seconds. Local cache hits 1 (0.01s CPU time), remote cache hits 0 (0.00s CPU time), compiled 0 variants (0.00s CPU time), skipped 0 variants.
    Prepared data for serialisation in 0.00s
  Pass  (fp, d3d11) finished in 0.01 seconds. Local cache hits 1 (0.01s CPU time), remote cache hits 0 (0.00s CPU time), compiled 0 variants (0.00s CPU time), skipped 0 variants.
    Prepared data for serialisation in 0.00s
Serialized binary data for shader Hidden/Physics2D/SDF_CapsuleGeometry in 0.00s
    d3d11 (total internal programs: 2, unique: 2)
Compiling shader "Hidden/Physics2D/SDF_PolygonGeometry"
  Pass "" (vp)
    Target graphics API: d3d11
    Full variant space:         2
    After settings filtering:   2
    After built-in stripping:   1
    After scriptable stripping: 1
    Processed in 0.00 seconds
  Pass "" (fp)
    Target graphics API: d3d11
    Full variant space:         2
    After settings filtering:   2
    After built-in stripping:   1
    After scriptable stripping: 1
    Processed in 0.00 seconds
  Pass  (vp, d3d11) finished in 0.01 seconds. Local cache hits 1 (0.01s CPU time), remote cache hits 0 (0.00s CPU time), compiled 0 variants (0.00s CPU time), skipped 0 variants.
    Prepared data for serialisation in 0.00s
  Pass  (fp, d3d11) finished in 0.01 seconds. Local cache hits 1 (0.01s CPU time), remote cache hits 0 (0.00s CPU time), compiled 0 variants (0.00s CPU time), skipped 0 variants.
    Prepared data for serialisation in 0.00s
Serialized binary data for shader Hidden/Physics2D/SDF_PolygonGeometry in 0.00s
    d3d11 (total internal programs: 2, unique: 2)
Compiling shader "Hidden/Physics2D/SDF_Line"
  Pass "" (vp)
    Target graphics API: d3d11
    Full variant space:         2
    After settings filtering:   2
    After built-in stripping:   1
    After scriptable stripping: 1
    Processed in 0.00 seconds
  Pass "" (fp)
    Target graphics API: d3d11
    Full variant space:         2
    After settings filtering:   2
    After built-in stripping:   1
    After scriptable stripping: 1
    Processed in 0.00 seconds
  Pass  (vp, d3d11) finished in 0.01 seconds. Local cache hits 1 (0.01s CPU time), remote cache hits 0 (0.00s CPU time), compiled 0 variants (0.00s CPU time), skipped 0 variants.
    Prepared data for serialisation in 0.00s
  Pass  (fp, d3d11) finished in 0.01 seconds. Local cache hits 1 (0.01s CPU time), remote cache hits 0 (0.00s CPU time), compiled 0 variants (0.00s CPU time), skipped 0 variants.
    Prepared data for serialisation in 0.00s
Serialized binary data for shader Hidden/Physics2D/SDF_Line in 0.00s
    d3d11 (total internal programs: 2, unique: 2)
Compiling shader "Hidden/Physics2D/SDF_Point"
  Pass "" (vp)
    Target graphics API: d3d11
    Full variant space:         2
    After settings filtering:   2
    After built-in stripping:   1
    After scriptable stripping: 1
    Processed in 0.00 seconds
  Pass "" (fp)
    Target graphics API: d3d11
    Full variant space:         2
    After settings filtering:   2
    After built-in stripping:   1
    After scriptable stripping: 1
    Processed in 0.00 seconds
  Pass  (vp, d3d11) finished in 0.01 seconds. Local cache hits 1 (0.01s CPU time), remote cache hits 0 (0.00s CPU time), compiled 0 variants (0.00s CPU time), skipped 0 variants.
    Prepared data for serialisation in 0.00s
  Pass  (fp, d3d11) finished in 0.01 seconds. Local cache hits 1 (0.01s CPU time), remote cache hits 0 (0.00s CPU time), compiled 0 variants (0.00s CPU time), skipped 0 variants.
    Prepared data for serialisation in 0.00s
Serialized binary data for shader Hidden/Physics2D/SDF_Point in 0.00s
    d3d11 (total internal programs: 2, unique: 2)
SpriteAtlasDatabase::Cleanup
info: Microsoft.AspNetCore.Hosting.Diagnostics[1]
      Request starting HTTP/2 POST http://ilpp/UnityILPP.PostProcessing/Ping - application/grpc -
info: Microsoft.AspNetCore.Routing.EndpointMiddleware[0]
      Executing endpoint 'gRPC - /UnityILPP.PostProcessing/Ping'
info: Microsoft.AspNetCore.Routing.EndpointMiddleware[1]
      Executed endpoint 'gRPC - /UnityILPP.PostProcessing/Ping'
info: Microsoft.AspNetCore.Hosting.Diagnostics[2]
      Request finished HTTP/2 POST http://ilpp/UnityILPP.PostProcessing/Ping - 200 - application/grpc 0.3029ms
[OPS.OBF] Post process assets...
UnityEngine.Debug:ExtractStackTraceNoAlloc (byte*,int,string)
UnityEngine.StackTraceUtility:ExtractStackTrace ()
UnityEngine.DebugLogHandler:Internal_Log (UnityEngine.LogType,UnityEngine.LogOption,string,UnityEngine.Object)
UnityEngine.DebugLogHandler:LogFormat (UnityEngine.LogType,UnityEngine.Object,string,object[])
UnityEngine.Logger:Log (UnityEngine.LogType,object)
UnityEngine.Debug:Log (object)
OPS.Obfuscator.Editor.Obfuscator:PostAssetsBuild (OPS.Obfuscator.Editor.Settings.Unity.Editor.EditorSettings,OPS.Obfuscator.Editor.Settings.Unity.Build.BuildSettings)
OPS.Obfuscator.BuildPostProcessor:GenerateAdditionalLinkXmlFile (UnityEditor.Build.Reporting.BuildReport,UnityEditor.UnityLinker.UnityLinkerBuildPipelineData) (at Assets/OPS/Obfuscator/Editor/BuildPostProcessor.cs:116)
UnityEditorInternal.AssemblyStripper:ProcessBuildPipelineGenerateAdditionalLinkXmlFiles (UnityEditor.Modules.BuildPostProcessArgs)
UnityEditorInternal.AssemblyStripper:GetLinkXmlFiles (UnityEditor.Modules.BuildPostProcessArgs,NiceIO.NPath)
UnityEditor.Modules.BeeBuildPostprocessor:LinkerConfigFor (UnityEditor.Modules.BuildPostProcessArgs)
UnityEditor.Modules.BeeBuildPostprocessor/<GetDataForBuildProgramFor>d__65:MoveNext ()
System.Linq.Enumerable/AppendPrependIterator`1<object>:LoadFromEnumerator ()
System.Linq.Enumerable/AppendPrepend1Iterator`1<object>:MoveNext ()
System.Linq.Enumerable/WhereEnumerableIterator`1<object>:MoveNext ()
Bee.BeeDriver.BeeDriver:WriteDataForBuildProgram (Bee.BeeDriver.InternalState,System.Threading.Tasks.TaskCompletionSource`1<int>)
Bee.BeeDriver.BeeDriver/<>c__DisplayClass0_0:<BuildAsync>g__WriteData|0 ()
Bee.BeeDriver.BeeDriver:BuildAsync (Bee.BeeDriver.BuildRequest,System.Threading.CancellationToken)
UnityEditor.Modules.BeeBuildPostprocessor:PostProcess (UnityEditor.Modules.BuildPostProcessArgs)
UnityEditor.Modules.BeeBuildPostprocessor:PostProcess (UnityEditor.Modules.BuildPostProcessArgs,UnityEditor.BuildProperties&)
UnityEditor.WindowsStandalone.WinPlayerPostProcessor:PostProcess (UnityEditor.Modules.BuildPostProcessArgs,UnityEditor.BuildProperties&) (at C:/build/output/unity/unity/PlatformDependent/WinPlayer/Extensions/Managed/WinPlayerPostProcessor.cs:196)
UnityEditor.PostprocessBuildPlayer:Postprocess (UnityEditor.BuildTarget,int,string,string,string,UnityEditor.BuildOptions,UnityEditor.RuntimeClassRegistry,UnityEditor.Build.Reporting.BuildReport)
UnityEditor.BuildPipeline:BuildPlayerInternal (string[],string,string,UnityEditor.BuildTargetGroup,UnityEditor.BuildTarget,int,UnityEditor.BuildOptions,string[],string[],bool)
UnityEditor.BuildPipeline:BuildPlayerFromUI (UnityEditor.BuildPlayerOptions,bool)
UnityEditor.BuildPlayerWindow/DefaultBuildMethods:BuildPlayer (UnityEditor.BuildPlayerOptions)
UnityEditor.BuildPlayerWindow:CallBuildMethods (bool,UnityEditor.BuildOptions)
UnityEditor.Build.Profile.BuildProfileModuleUtil:CallInternalBuildMethods (bool,UnityEditor.BuildOptions)
UnityEditor.Build.Profile.BuildProfileWindow/<>c__DisplayClass55_0:<OnBuildButtonClicked>b__0 ()
UnityEditor.EditorApplication:Internal_CallDelayFunctions ()

(Filename: Assets/OPS/Obfuscator/Editor/BuildPostProcessor.cs Line: 116)

Starting: C:\Program Files\Unity\Hub\Editor\6000.5.8f1\Editor\Data\Tools\BuildPipeline\bee_backend.exe --ipc --dagfile="Library/Bee/Playerbc5a001d.dag" --profile="Library/Bee/backend1.traceevents" Player
WorkingDir: C:/Users/Admin/Downloads/PRJ 3in1 Goc/PRJ 3in1 Goc
Rebuilding DAG because FileSignature timestamp changed: Library/Bee/Playerbc5a001d-inputdata.json
*** Tundra requires additional run (0.02 seconds), 0 items updated, 0 evaluated
Starting: C:\Program Files\Unity\Hub\Editor\6000.5.8f1\Editor\Data\netcorerun\netcorerun.exe "C:\Program Files\Unity\Hub\Editor\6000.5.8f1\Editor\Data\PlaybackEngines\WindowsStandaloneSupport\WinPlayerBuildProgram.exe" "C:/Program Files/Unity/Hub/Editor/6000.5.8f1/Editor/Data/PlaybackEngines/WindowsStandaloneSupport/Bee;C:/Program Files/Unity/Hub/Editor/6000.5.8f1/Editor/Data/Tools/BuildPipeline" "Library/Bee/Playerbc5a001d.dag.json" "Library/Bee/Playerbc5a001d-inputdata.json" "Library\Bee\buildprogram0.traceevents"
WorkingDir: C:/Users/Admin/Downloads/PRJ 3in1 Goc/PRJ 3in1 Goc
ExitCode: 4 Duration: 0s44ms
ExitCode: 1 Duration: 1s594ms
Internal build system error. BuildProgram exited with code 1.
error: Could not set up a toolchain for Architecture x64. Make sure you have the right build tools installed for il2cpp builds. Details:
IL2CPP C++ code builder is unable to build C++ code. In order to build C++ code for Windows Desktop, you must have one of these installed:
 * Visual Studio 2022 or newer with C++ compilers and Windows SDK (version 10.0.19041.0 or newer) (recommended)
 * Visual Studio 2019 with C++ compilers and Windows SDK (version 10.0.19041.0 or newer)

Visual Studio 2019 (or newer) is detected using `vswhere.exe` as well as VSCOMNTOOLS environment variables.
Windows SDK is detected by looking at "SOFTWARE\Wow6432Node\Microsoft\Microsoft SDKs\Windows\v10.0\InstallationFolder" in the registry.

Windows SDK (version 10.0.19041.0 or newer) is not installed. You can install from here: https://developer.microsoft.com/en-us/windows/downloads/windows-10-sdk/


Unity.IL2CPP.Bee.BuildLogic.ToolchainNotFoundException: IL2CPP C++ code builder is unable to build C++ code. In order to build C++ code for Windows Desktop, you must have one of these installed:
 * Visual Studio 2022 or newer with C++ compilers and Windows SDK (version 10.0.19041.0 or newer) (recommended)
 * Visual Studio 2019 with C++ compilers and Windows SDK (version 10.0.19041.0 or newer)

Visual Studio 2019 (or newer) is detected using `vswhere.exe` as well as VSCOMNTOOLS environment variables.
Windows SDK is detected by looking at "SOFTWARE\Wow6432Node\Microsoft\Microsoft SDKs\Windows\v10.0\InstallationFolder" in the registry.

Windows SDK (version 10.0.19041.0 or newer) is not installed. You can install from here: https://developer.microsoft.com/en-us/windows/downloads/windows-10-sdk/


   at Unity.IL2CPP.Bee.BuildLogic.WindowsDesktop.WindowsDesktopBuildLogic.UserAvailableToolchainFor(Architecture architecture, NPath toolChainPath, NPath sysRootPath, Boolean targetIsSimulator)
   at PlayerBuildProgramLibrary.PlayerBuildProgramBase.GetIl2CppToolChain(PlatformBuildLogic platform, Architecture architecture, NPath toolChainPath, NPath sysrootPath)
   at PlayerBuildProgramLibrary.PlayerBuildProgramBase.SetupIl2CppBuild(Il2CppSettingsData il2CppSettingsData)
   at PlayerBuildProgramLibrary.PlayerBuildProgramBase.<>c__DisplayClass94_0.<SetupPlayerBuild>b__0()
   at Bee.Core.TinyProfiler2Base.Section[T](String label, Func`1 func, Dictionary`2 metadata)
   at PlayerBuildProgramLibrary.PlayerBuildProgramBase.SetupPlayerBuild()
   at WinPlayerBuildProgram.WinPlayerBuildProgram.SetupPlayerBuild() in C:\build\output\unity\unity\Platforms\Windows\WinPlayerBuildProgram\WinPlayerBuildProgram.cs:line 103
   at PlayerBuildProgramLibrary.PlayerBuildProgramBase.RunBuildProgram()
   at PlayerBuildProgramTypeWrapper.Run(String[] args) in C:\build\output\unity\unity\Platforms\Windows\WinPlayerBuildProgram\WinPlayerBuildProgram.cs:line 473
   at Program.Main(String[] args) in C:\build\output\unity\unity\Editor\IncrementalBuildPipeline\PlayerBuildProgramMain.cs:line 50
Total cache size 13006824
Total cache size after purge 13006824, took 00:00:00.0138026
Unloading 5 Unused Serialized files (Serialized files now loaded: 0)
Unloading 11 unused Assets / (5.7 KB). Loaded Objects now: 3255.
Memory consumption went from 0.50 GB to 0.50 GB.
Total: 18.868000 ms (FindLiveObjects: 0.475600 ms CreateObjectMapping: 0.196600 ms MarkObjects: 18.083300 ms  DeleteObjects: 0.111500 ms)

Build Finished, Result: Failure.
##utp:{"success":false,"type":"PlayerBuildInfo","version":2,"phase":"Immediate","time":1786804206319,"processId":7056,"steps":[{"description":"Preprocess Player","duration":323},{"description":"Prepare For Build","duration":0},{"description":"ProducePlayerScriptAssemblies","duration":9165},{"description":"Verify Build setup","duration":274},{"description":"Prepare assets for target platform","duration":3},{"description":"Prepare splash screen","duration":40},{"description":"Build scripts DLLs","duration":1654},{"description":"Building scenes","duration":16083},{"description":"Build GlobalGameManagers file","duration":255},{"description":"Writing asset files","duration":1375},{"description":"Building Resources/unity_builtin_extra","duration":605},{"description":"Write data build dirty tracking information","duration":307},{"description":"Postprocess built player","duration":1881}],"duration":31965}
Unloading 0 Unused Serialized files (Serialized files now loaded: 0)
Loaded scene 'Temp/__Backupscenes/0.backup'
	Deserialize:            0.566 ms
	Integration:            17.637 ms
	Integration of assets:  0.002 ms
	Thread Wait Time:       0.029 ms
	Total Operation Time:   18.234 ms
Unloading 0 unused Assets / (23.2 KB). Loaded Objects now: 3262.
Memory consumption went from 507.2 MB to 507.2 MB.
Total: 18.957300 ms (FindLiveObjects: 0.669900 ms CreateObjectMapping: 0.334500 ms MarkObjects: 17.915400 ms  DeleteObjects: 0.035000 ms)

Build completed with a result of 'Failed' in 33 seconds (32504 ms) [8/15/2026 9:29:33 PM -> 8/15/2026 9:30:06 PM, 32s]
Internal build system error. BuildProgram exited with code 1.
error: Could not set up a toolchain for Architecture x64. Make sure you have the right build tools installed for il2cpp builds. Details:
IL2CPP C++ code builder is unable to build C++ code. In order to build C++ code for Windows Desktop, you must have one of these installed:
 * Visual Studio 2022 or newer with C++ compilers and Windows SDK (version 10.0.19041.0 or newer) (recommended)
 * Visual Studio 2019 with C++ compilers and Windows SDK (version 10.0.19041.0 or newer)

Visual Studio 2019 (or newer) is detected using `vswhere.exe` as well as VSCOMNTOOLS environment variables.
Windows SDK is detected by looking at "SOFTWARE\Wow6432Node\Microsoft\Microsoft SDKs\Windows\v10.0\InstallationFolder" in the registry.

Windows SDK (version 10.0.19041.0 or newer) is not installed. You can install from here: https://developer.microsoft.com/en-us/windows/downloads/windows-10-sdk/


Unity.IL2CPP.Bee.BuildLogic.ToolchainNotFoundException: IL2CPP C++ code builder is unable to build C++ code. In order to build C++ code for Windows Desktop, you must have one of these installed:
 * Visual Studio 2022 or newer with C++ compilers and Windows SDK (version 10.0.19041.0 or newer) (recommended)
 * Visual Studio 2019 with C++ compilers and Windows SDK (version 10.0.19041.0 or newer)

Visual Studio 2019 (or newer) is detected using `vswhere.exe` as well as VSCOMNTOOLS environment variables.
Windows SDK is detected by looking at "SOFTWARE\Wow6432Node\Microsoft\Microsoft SDKs\Windows\v10.0\InstallationFolder" in the registry.

Windows SDK (version 10.0.19041.0 or newer) is not installed. You can install from here: https://developer.microsoft.com/en-us/windows/downloads/windows-10-sdk/


   at Unity.IL2CPP.Bee.BuildLogic.WindowsDesktop.WindowsDesktopBuildLogic.UserAvailableToolchainFor(Architecture architecture, NPath toolChainPath, NPath sysRootPath, Boolean targetIsSimulator)
   at PlayerBuildProgramLibrary.PlayerBuildProgramBase.GetIl2CppToolChain(PlatformBuildLogic platform, Architecture architecture, NPath toolChainPath, NPath sysrootPath)
   at PlayerBuildProgramLibrary.PlayerBuildProgramBase.SetupIl2CppBuild(Il2CppSettingsData il2CppSettingsData)
   at PlayerBuildProgramLibrary.PlayerBuildProgramBase.<>c__DisplayClass94_0.<SetupPlayerBuild>b__0()
   at Bee.Core.TinyProfiler2Base.Section[T](String label, Func`1 func, Dictionary`2 metadata)
   at PlayerBuildProgramLibrary.PlayerBuildProgramBase.SetupPlayerBuild()
   at WinPlayerBuildProgram.WinPlayerBuildProgram.SetupPlayerBuild() in C:\build\output\unity\unity\Platforms\Windows\WinPlayerBuildProgram\WinPlayerBuildProgram.cs:line 103
   at PlayerBuildProgramLibrary.PlayerBuildProgramBase.RunBuildProgram()
   at PlayerBuildProgramTypeWrapper.Run(String[] args) in C:\build\output\unity\unity\Platforms\Windows\WinPlayerBuildProgram\WinPlayerBuildProgram.cs:line 473
   at Program.Main(String[] args) in C:\build\output\unity\unity\Editor\IncrementalBuildPipeline\PlayerBuildProgramMain.cs:line 50
Importing 'GUID: 6077c9a6298fd04438204c4614fec03e - Path: Assets/OPS/Obfuscator/Log/StandaloneWindows64.txt' with importer (TextScriptImporter)
Imported 'GUID: 6077c9a6298fd04438204c4614fec03e' -> (Import Result ID: '19bbf39237edd35618f958e8a019da55') in 0.003 seconds [static dependencies only]. Details - ImportResultOutputID=b1f01f318beb4e8b94d275e828daace7 DependenciesID=6021c1e31dfaa15e3f04a4eabbf64a29 StaticDependenciesID=f0920d2f0e463fae00873cd4aa1a6f94 
Asset Pipeline Refresh (id=69cc9b46eb85fdc4bb29978bad0af71b): Total: 0.057 seconds - Initiated by RefreshV2(AllowForceSynchronousImport)
Asset Pipeline Refresh (id=b6bb6fed5cf2e0f488c21b30090cc9b2): Total: 0.004 seconds - Initiated by RefreshV2(AllowForceSynchronousImport)
Asset Pipeline Refresh (id=4ab0974e1b85cff458bb84500447c60c): Total: 0.003 seconds - Initiated by RefreshV2(AllowForceSynchronousImport)
Asset Pipeline Refresh (id=27dde74d97373694393244e1b13f5797): Total: 0.004 seconds - Initiated by RefreshV2(AllowForceSynchronousImport)
[Licensing::Client] Successfully resolved entitlement details
[Licensing::Client] Successfully resolved entitlement details
Asset Pipeline Refresh (id=8cef635f61f37f34d87a97b75365a636): Total: 0.004 seconds - Initiated by RefreshV2(AllowForceSynchronousImport)
Asset Pipeline Refresh (id=7c2daac9994a7f84d9a287c5afec66f4): Total: 0.004 seconds - Initiated by RefreshV2(AllowForceSynchronousImport)
MonoPathRemapper: Attempts to remap: 42666; Successful remaps: 2980
Serialized file version minimum: 23, current 23
[LAYOUT] About to save layout C:\Users\Admin\Downloads\PRJ 3in1 Goc\PRJ 3in1 Goc\UserSettings\Layouts\default-6000.dwlt
[LAYOUT] About to save layout C:/Users/Admin/AppData/Roaming/Unity/Editor-5.x/Preferences\Layouts\current\default-6000.dwlt
Killing ADB server in 0.1920631 seconds.
[Physics::Module] Cleanup current backend.
[Physics::Module] Id: 0xf2b8ea05
Input System module state changed to: ShutdownInProgress.
Input Polling Thread exited.
Input System module state changed to: Shutdown.
[Licensing::IpcConnector] LicenseClient-Admin-6000.5.8-notifications channel disconnected successfully.
[Licensing::IpcConnector] LicenseClient-Admin-6000.5.8 channel disconnected successfully.
Shut down.
Lingering sessions upon destruction of worker manager
AcceleratorClientConnectionCallback - disconnected - :0
Cleanup mono
CodeReloadManager destroyed
abort_threads: Failed aborting id: 0000000000006974, mono_thread_manage will ignore it

abort_threads: Failed aborting id: 000000000000393C, mono_thread_manage will ignore it

abort_threads: Failed aborting id: 00000000000057D4, mono_thread_manage will ignore it

abort_threads: Failed aborting id: 0000000000006974, mono_thread_manage will ignore it

abort_threads: Failed aborting id: 000000000000393C, mono_thread_manage will ignore it

abort_threads: Failed aborting id: 00000000000057D4, mono_thread_manage will ignore it

debugger-agent: Unable to listen on 3900
[usbmuxd] Stop listen thread
[usbmuxd] Listen thread exiting
Checking for leaked weakptr:
  Found no leaked weakptrs.
[Package Manager] Server process was shutdown
##utp:{"type":"MemoryLeaks","version":2,"phase":"Immediate","time":1786804372137,"processId":7056,"allocatedMemory":51064604,"memoryLabels":[{"Default":211942},{"Permanent":15516},{"NewDelete":71269},{"Thread":4197560},{"Manager":32805},{"VertexData":8},{"Geometry":816},{"Texture":24},{"Shader":847397},{"Material":24},{"GfxDevice":55328},{"Animation":952},{"FreeType":8},{"FontEngine":736},{"Physics":2146},{"Physics2D":16},{"Serialization":3704},{"Input":42840},{"JobScheduler":256},{"TextLib":35281},{"Mono":48},{"ScriptingNativeRuntime":854172},{"BaseObject":1775296},{"Resource":1208},{"Renderer":3080},{"Transform":4685},{"File":4005},{"WebCam":616},{"Culling":32},{"Terrain":11442},{"Wind":24},{"STL":40},{"String":10506},{"StaticString":3808},{"Utility":2673402},{"Curl":1436},{"PoolAlloc":2168},{"AI":80},{"TypeTree":135804},{"CodeReload":448},{"RuntimeInitializeOnLoadManager":64},{"Sprites":102},{"SpriteAtlas":120},{"GI":7816},{"Director":8296},{"CloudService":7784},{"WebRequest":6319},{"VR":47114},{"SceneManager":608},{"Video":208},{"LazyScriptCache":32},{"NativeArray":33056000},{"Camera":9977},{"Secure":265},{"SerializationCache":1576},{"APIUpdating":10320},{"Subsystems":336},{"VirtualTexturing":57888},{"StaticSafetyDebugInfo":278528},{"Analytics":552},{"Hierarchy":1176},{"UIElements":1282544},{"CoreStats":13688},{"Identifiers":6768},{"Gui":267692},{"EditorUtility":276967},{"VersionControl":8},{"Undo":931},{"AssetDatabase":4818365},{"AssetImporter":40},{"EditorGi":328},{"UnityConnect":36215},{"Upm":1988},{"UpmDiagnostics":8},{"AssetCompliance":64},{"DrivenProperties":72},{"LocalIPC":211},{"ProfilerEditor":9746},{"CoreBusinessMetrics":3480},{"Windowing":456},{"Licensing":664},{"AssetReference":32},{"IPCStream":32}]}
